3.765960290386705310e+03,-7.175686996451531297e-01
3.767143437253768752e+03,-9.027505802953490477e-01
3.762581375172064782e+03,-7.197455306209440407e-01
3.777368608232919087e+03,-9.648226391714007644e-01
3.752485730033299660e+03,-6.223355580081948446e-01
3.765436390480204409e+03,-9.077158844084227685e-01
3.772503973587565724e+03,-1.099056547194658284e+00
3.757184552603226166e+03,-5.081694827740455001e-01
3.763333035443294193e+03,-7.729518461651190275e-01
3.761655748009596209e+03,-7.523295062904362673e-01
3.772235990549329017e+03,-9.020086760411084592e-01
3.763979935989125806e+03,-7.340105470960274214e-01
3.763817546789310200e+03,-8.964163715185917702e-01
3.772429559918265113e+03,-9.945177663053930139e-01
3.763117377600368854e+03,-7.267518448803466091e-01
3.754531526074649719e+03,-6.913266238645734418e-01
3.768192238544902011e+03,-6.981368192463049960e-01
3.771055902480810346e+03,-9.993032633099311335e-01
3.767969165207039168e+03,-6.671242493556284181e-01
3.771689545304168405e+03,-9.986095646990846841e-01
3.762666702516279656e+03,-8.126446117043948369e-01
3.769476351753608924e+03,-7.468475240390312075e-01
3.757484245593956530e+03,-7.107772256347756334e-01
3.766926019919465944e+03,-1.004199423486646703e+00
3.771722443487567034e+03,-1.036501188190862566e+00
3.771386343369463702e+03,-9.346760185412040789e-01
3.763274214558281074e+03,-7.036106519094280642e-01
3.750383252814783191e+03,-4.482640468293631608e-01
3.764946037160459127e+03,-7.941884227248174888e-01
3.769459079218694569e+03,-1.114856759614666126e+00
3.774558996828820455e+03,-8.304262125555029739e-01
3.773217843254100899e+03,-1.031709932458463763e+00
3.763641175163986645e+03,-7.792686785366509383e-01
3.772114624325097338e+03,-8.845356271229313228e-01
3.755755529315241802e+03,-5.943563425987110627e-01
3.770751960027029781e+03,-7.906024924838175316e-01
3.766468530244386329e+03,-7.058287224187579367e-01
3.764328061930902550e+03,-7.466832499622770847e-01
3.773405790363514370e+03,-9.020411827377226022e-01
3.765506901818355345e+03,-8.923072411091046430e-01
3.757197916141580208e+03,-7.865897498825608070e-01
3.761687686282184586e+03,-8.457588252900675174e-01
3.771164044971741077e+03,-8.918409472039230401e-01
3.758543759713973941e+03,-6.738272850143267600e-01
3.765458839646500110e+03,-8.996600070153166762e-01
3.757149283836119594e+03,-7.332489181423076374e-01
3.764209426385865299e+03,-9.202224597364635494e-01
3.771361399281597642e+03,-7.098027924933439925e-01
3.768827440298756301e+03,-7.659731088147373468e-01
3.752427475135260011e+03,-6.416177909701892279e-01
3.763698454678670714e+03,-8.198788375145238394e-01
3.761303896298104519e+03,-6.257400235977017555e-01
3.769297386406484293e+03,-9.764191716209456029e-01
3.779135337717045786e+03,-1.000448950549299498e+00
3.755767712640314585e+03,-6.699048999885475197e-01
3.760625250959878940e+03,-6.082579448709526382e-01
3.770991000333951888e+03,-9.616328144187746840e-01
3.756660189652164263e+03,-7.600161863184775601e-01
3.764984844261292437e+03,-7.159339769598757064e-01
3.776620322834823128e+03,-9.514192460890695813e-01
3.766752739714975178e+03,-7.691037552035379088e-01
3.757246952402486386e+03,-6.417199375685572749e-01
3.767951592985891239e+03,-9.848271265497363647e-01
3.755649295529251958e+03,-6.580407378388655193e-01
3.770683969549403628e+03,-6.930677631601148692e-01
3.766390181946009307e+03,-6.950195672323438156e-01
3.761342059503377641e+03,-5.624070094846952417e-01
3.778039362856849039e+03,-1.121036303886357777e+00
3.770500247561566084e+03,-1.043137200509715257e+00
3.761764509001922761e+03,-6.504583162574992805e-01
3.770356513372728841e+03,-9.273320851632103068e-01
3.758990688314363524e+03,-6.054056185634124621e-01
3.772856937568908506e+03,-7.812160151992828538e-01
3.763078640474083386e+03,-6.305470094900758049e-01
3.761104480421193330e+03,-7.298232764760038682e-01
3.764143263190348534e+03,-8.289595112319669834e-01
3.772251478694158777e+03,-9.782776022410694106e-01
3.769434810555339936e+03,-8.143067385575231132e-01
3.763223057206044359e+03,-8.548501038105971173e-01
3.752097104452100666e+03,-5.474981082869663229e-01
3.763271177558363888e+03,-6.213619366516744957e-01
3.779682860151823206e+03,-9.195880630886853480e-01
3.773612331806260045e+03,-9.106471383969678701e-01
3.767697878942035459e+03,-9.470427674932908602e-01
3.771049495979626499e+03,-8.656683711620825061e-01
3.754059955148663903e+03,-6.152395769207805731e-01
3.766144100051845271e+03,-7.388489694778517247e-01
3.769826959613998952e+03,-9.221619563338149250e-01
3.766273292253617910e+03,-7.309331977448628725e-01
3.780542790279590008e+03,-1.006464023299398214e+00
3.790812897747471652e+03,-1.235781847917499121e+00
3.753909127283543512e+03,-6.181688141900598676e-01
3.775315527715830740e+03,-9.260620453878898317e-01
3.757868439653133919e+03,-7.600934268189055709e-01
3.780082676421458018e+03,-1.177172920822947333e+00
3.763318615539617440e+03,-8.271571370710800730e-01
3.760097860349308121e+03,-6.211286789958747612e-01
3.763330153453347975e+03,-7.345306294192852636e-01
3.776286004311918987e+03,-9.402920744947946829e-01
3.774248472145059168e+03,-1.041291623846263947e+00
3.766269556999344786e+03,-8.928663493639690252e-01
3.762521142945786778e+03,-6.817915787873319866e-01
3.763215858990070956e+03,-7.512825855346472181e-01
3.770264854091201414e+03,-8.268766899509717438e-01
3.754142496887978723e+03,-3.906616741597523368e-01
3.768878641445202447e+03,-8.602550292093272821e-01
3.780280681244109019e+03,-1.097500091707758418e+00
3.750940353336283351e+03,-5.889766686384063643e-01
3.764628383792140994e+03,-7.109679752029204325e-01
3.761447388827789837e+03,-6.878450778296351098e-01
3.771194670425318691e+03,-7.971769526151778473e-01
3.777517065742222712e+03,-9.551449040890963582e-01
3.762878489118525067e+03,-6.710962196411465186e-01
3.773762821275121951e+03,-1.006490864138332331e+00
3.770892190776522511e+03,-8.820668228588888216e-01
3.772785299583377309e+03,-8.793704931011838699e-01
3.771282800826827497e+03,-1.015336048790491219e+00
3.760395676595891018e+03,-6.022525585412975557e-01
3.769281626612790205e+03,-9.582459243133221172e-01
3.752641401186610892e+03,-3.803078105899425077e-01
3.771385885798861636e+03,-8.711626678737326435e-01
3.748977644072275325e+03,-3.412023890988025721e-01
3.759867255597197982e+03,-9.130883995856968749e-01
3.769793227030466369e+03,-8.507570838907305699e-01
3.759590484015549919e+03,-6.796537017396138136e-01
3.756473564296373752e+03,-6.516750511274008728e-01
3.749863935137733279e+03,-5.316555076031042049e-01
3.763024755360340350e+03,-5.292716612776489082e-01
3.752298920631217243e+03,-7.508019998387648331e-01
3.769944899268194149e+03,-7.656713212524143275e-01
3.770811774246068126e+03,-8.329786851327340980e-01
3.759903899275740059e+03,-6.817321733416044083e-01
3.764435153003006235e+03,-7.958331739919370929e-01
3.772446122437036138e+03,-6.902071731732741799e-01
3.758250048341521506e+03,-5.059069155915568716e-01
3.780447798095186045e+03,-1.072017555100028385e+00
3.763495355680605371e+03,-7.566155223513013617e-01
3.779959610668840924e+03,-1.007241927188417874e+00
3.761069778680059244e+03,-4.949277777629809139e-01
3.771238551441134405e+03,-8.040280233968416512e-01
3.778967144436377112e+03,-8.890944064538695013e-01
3.769394945074269344e+03,-1.108307245146962883e+00
3.774861238069712726e+03,-8.133706627218773022e-01
3.763462864891333084e+03,-5.996639330384243571e-01
3.771033690967000894e+03,-8.497809172670895972e-01
3.769632799812462054e+03,-6.765156074088232163e-01
3.754701442889902410e+03,-6.604777192218685977e-01
3.754551499385690931e+03,-6.175445401942070145e-01
3.766223819086436379e+03,-7.380748945719113330e-01
3.768944723062356843e+03,-8.193025449033407570e-01
3.749645755576480042e+03,-4.345964369275728822e-01
3.768080629173357465e+03,-8.302270506366138392e-01
3.768898053235936914e+03,-8.046174709270401681e-01
3.772916981802054124e+03,-8.807816427495096523e-01
3.754827793438528715e+03,-5.502486532905348504e-01
3.773268883348382133e+03,-1.069491514172461244e+00
3.763597049826159946e+03,-6.918915235285574283e-01
3.775291255352460212e+03,-1.027143154477692777e+00
3.772536577533800937e+03,-9.557641163531235273e-01
3.766681954055276492e+03,-7.296618402272220250e-01
3.758868739608640681e+03,-5.853064713027089638e-01
3.762446653918959328e+03,-8.408683048418721384e-01
3.763591759206725328e+03,-8.229034027464048329e-01
3.767546082836293863e+03,-7.087352896295184834e-01
3.766112865189385957e+03,-5.721574931496662408e-01
3.768800608850505341e+03,-6.952420433355679386e-01
3.769064755268279896e+03,-7.225409636377846390e-01
3.768854166845041618e+03,-8.388951018261968651e-01
3.770723253158107127e+03,-8.605148881654958171e-01
3.770845912173666875e+03,-8.264403383956206994e-01
3.780141451844343919e+03,-1.116771195077509882e+00
3.763181994566071808e+03,-8.127414913194237478e-01
3.762286422371315894e+03,-8.089267317139436919e-01
3.771985026077865768e+03,-1.046028308809713314e+00
3.773952881269060526e+03,-9.826742888726288649e-01
3.769622540356956051e+03,-8.707661565276645366e-01
3.762471253689541300e+03,-6.511529943956342326e-01
3.780137038827571814e+03,-1.141082382508876503e+00
3.764427814007507095e+03,-8.993274073336886554e-01
3.769924131042190311e+03,-7.537607042886551589e-01
3.761283293239669547e+03,-7.679475796670280907e-01
3.776124178208309331e+03,-9.273067529526866082e-01
3.771965140531976431e+03,-8.113626668939046827e-01
3.765912420369326355e+03,-7.740550253078469778e-01
3.767150220365269433e+03,-8.700373590619900899e-01
3.772024750417353516e+03,-1.072255474009512710e+00
3.781093736150386576e+03,-9.568470792708305694e-01
3.760353106578589632e+03,-7.414850822813360276e-01
3.764675160420109023e+03,-6.653359643455324379e-01
3.775648721177366497e+03,-1.082836222152339989e+00
3.765802351257320424e+03,-7.085960632367114265e-01
3.788140786582877809e+03,-1.062033409742722645e+00
3.771139843499793187e+03,-1.020464125561054924e+00
3.787085601831478016e+03,-1.205115001227282656e+00
3.777705393504322728e+03,-8.526143662632108544e-01
3.775207502986585496e+03,-8.436509571421616505e-01
3.759101188588282184e+03,-7.108570945847229039e-01
3.757477502049228406e+03,-5.679452483321347778e-01
3.757854456445126743e+03,-7.110881240289768090e-01
3.767538512352311045e+03,-8.057070129603438602e-01
3.776000778752383212e+03,-7.798461311711724075e-01
3.785055905601630002e+03,-1.159473126104661134e+00
3.775194966379670859e+03,-9.139463621751280353e-01
3.766753036911409254e+03,-7.373974565510049706e-01
3.764498084456601191e+03,-8.623060406971680969e-01
3.750651052310538489e+03,-5.858619548590421333e-01
3.753590943886493733e+03,-4.948435096048900972e-01
3.757403142553689122e+03,-6.234468695762713786e-01
3.763124404769250305e+03,-7.396555086170453208e-01
3.762259710021213778e+03,-9.202361386474636751e-01
3.750385798975463331e+03,-6.925368375424381107e-01
3.765327990708728976e+03,-7.954156119827959781e-01
3.764134684095090051e+03,-5.734034217727990157e-01
3.759345929526531108e+03,-7.061558535200960218e-01
3.780710201433002567e+03,-9.629067949911331858e-01
3.758911566941308593e+03,-8.159331520279954342e-01
3.772534856105389281e+03,-1.088547433814246457e+00
3.767924792955121575e+03,-8.779213645211594308e-01
3.755448138935998031e+03,-6.182020679360225035e-01
3.779977864343332385e+03,-1.057355422043296578e+00
3.765302868903691888e+03,-7.877788243396554035e-01
3.766380857315246885e+03,-8.537199850976199267e-01
3.766786426721095722e+03,-6.506594248411422532e-01
3.775356653761357848e+03,-1.057813066027395443e+00
3.765110696448440194e+03,-6.038838508618993295e-01
3.790711918391446034e+03,-1.305313038208375298e+00
3.769410967402588994e+03,-6.696311963611847329e-01
3.768160272258928217e+03,-8.204189014948543024e-01
3.779794176373493883e+03,-1.038216958929410350e+00
3.763646717226039527e+03,-5.917077738128940778e-01
3.778006860076377507e+03,-1.029266227010125156e+00
3.770883823538874822e+03,-8.517500783481208870e-01
3.759216306682791583e+03,-6.149453484195896991e-01
3.763883423714868059e+03,-6.495794513928059288e-01
3.766823554340724058e+03,-9.623096038181604417e-01
3.780381881577799959e+03,-1.048333659045824540e+00
3.761084094370216008e+03,-7.530088332743506419e-01
3.764956705369623251e+03,-7.455037589025304001e-01
3.774300304755068737e+03,-9.268743764261644369e-01
3.763989718162644294e+03,-6.533798322697342842e-01
3.781625837162625885e+03,-1.144941804259672846e+00
3.763387597984917647e+03,-8.507738092508665417e-01
3.774193789210318755e+03,-8.027952178591749588e-01
3.776128218493088298e+03,-1.032309828571829513e+00
3.761709622772567855e+03,-8.249562166765612714e-01
3.752656553063504361e+03,-6.050255669548325610e-01
3.758770274469610740e+03,-8.068115886254935143e-01
3.768420674508285174e+03,-8.435357587598822926e-01
3.762944032099099331e+03,-7.100656627489859707e-01
3.780582077580434998e+03,-1.119736711384945460e+00
3.772646392315619778e+03,-7.171500321554071800e-01
3.750133148954452281e+03,-6.777151232700588945e-01
3.757593218499093382e+03,-5.753545837451305989e-01
3.768726805709879955e+03,-7.425795617175484642e-01
3.775159861035517224e+03,-9.764361632614466657e-01
3.779489818576170819e+03,-1.260796090592890106e+00
3.765677397919356736e+03,-8.049335496951026681e-01
3.764418523321153316e+03,-7.059610999975266532e-01
3.754275100900796133e+03,-6.679915738284876170e-01
3.763902146389690188e+03,-6.626673908479316921e-01
3.781010398532446288e+03,-8.129409281676005516e-01
3.769069190761204482e+03,-8.677925551844245522e-01
3.772460454963713801e+03,-9.498090237537145653e-01
3.764067981532362410e+03,-8.877704649481957810e-01
3.766408296825817615e+03,-8.428913801363639990e-01
3.783151822323548458e+03,-9.406709326790293479e-01
3.762675950777502294e+03,-7.654917251484429919e-01
3.757891184855111533e+03,-7.415402361849422475e-01
3.768928214081173337e+03,-7.834488624940272317e-01
3.760953574515051969e+03,-6.836006542231921612e-01
3.776821662871570879e+03,-1.024427421625060619e+00
3.768381662184235211e+03,-8.761907054712508858e-01
3.777244997092267567e+03,-9.996115798044756806e-01
3.768080988309783606e+03,-7.407796614862079965e-01
3.757821000101124355e+03,-5.912463432416521503e-01
3.761487792850893584e+03,-7.474048044200825025e-01
3.760307947857155341e+03,-6.866937100845131869e-01
3.768930129023698100e+03,-7.902126862752764103e-01
3.756790059522867068e+03,-7.061873794863401388e-01
3.772529949716358715e+03,-1.023162917222727675e+00
3.770529799660203480e+03,-8.359687772495003610e-01
3.770963377832042170e+03,-6.859699239565479889e-01
3.758720817637848086e+03,-5.203908463819604258e-01
3.754255565213470618e+03,-5.649106759405245759e-01
3.766038286531525955e+03,-8.378738457159686792e-01
3.770331154678583516e+03,-1.035323222400277965e+00
3.760443102823790014e+03,-7.429862587836832954e-01
3.767955084718054422e+03,-9.522869517026368857e-01
3.758677252040365602e+03,-6.463067580421344438e-01
3.765972855583481760e+03,-7.752265410904323195e-01
3.757173461745454915e+03,-7.678103514498536564e-01
3.764398333290048413e+03,-7.821912716415517774e-01
3.782391796400743715e+03,-1.010082589270108411e+00
3.767059787400285586e+03,-9.644506055826993496e-01
3.758616450865124079e+03,-8.118316559377869446e-01
3.777490281772365506e+03,-1.056212863497964616e+00
3.757745536345233631e+03,-4.995879571341446113e-01
3.754093457839265739e+03,-5.731184469735326470e-01
3.759640253804745953e+03,-7.971391005069404789e-01
3.770898404568739807e+03,-9.011091276888307799e-01
3.766988289437025287e+03,-7.242078606644194450e-01
3.763013829314507348e+03,-6.787109429780315839e-01
3.766864822651767554e+03,-7.735630678791010073e-01
3.759411798806265779e+03,-8.258804260049572576e-01
3.762501401640560744e+03,-7.512805369672495015e-01
3.771737905903714363e+03,-8.343803715524512610e-01
3.756996574870941004e+03,-7.111145791120990767e-01
3.759623775480805762e+03,-7.397856005644903865e-01
3.778798415018935884e+03,-1.023831892944687016e+00
3.763551636165685522e+03,-8.657036038119947374e-01
3.772895843285007231e+03,-1.083389602522988771e+00
3.762974783955336534e+03,-5.657078465359938191e-01
3.781892065079367057e+03,-1.086232732779592869e+00
3.767195718887194289e+03,-8.271918372509625694e-01
3.768522059881833229e+03,-7.733018023350800574e-01
3.755146398827571829e+03,-7.148906853601735278e-01
3.763890444475574895e+03,-7.681104557373572561e-01
3.757313647789712377e+03,-5.777179522100704956e-01
3.757826243182120379e+03,-6.014098480955718529e-01
3.778620455534741723e+03,-1.030743480039304050e+00
3.759084340536323907e+03,-6.017305630075148182e-01
3.770508661169159041e+03,-8.676492959413858452e-01
3.776097499665869236e+03,-1.028994238294089536e+00
3.759780956945805428e+03,-7.761673950719307769e-01
3.766752336834518701e+03,-7.218640503670425979e-01
3.763507031708124941e+03,-5.496213991694086642e-01
3.769634116932471898e+03,-8.406496756532784165e-01
3.774927077019083299e+03,-8.489508571768170642e-01
3.767519202129563382e+03,-7.395758721788547874e-01
3.768160637463829516e+03,-8.010141771952676848e-01
3.772332157807977183e+03,-1.013242299725281015e+00
3.771976567787799013e+03,-8.020554903068812802e-01
3.774087623762312887e+03,-5.833817026145855511e-01
3.769556530788497184e+03,-1.089072404163361929e+00
3.758871201542779545e+03,-6.314527833710724680e-01
3.775492625868019786e+03,-8.570439418221611483e-01
3.765511598852996485e+03,-6.683798499744213473e-01
3.761799427437603299e+03,-5.917021740223470383e-01
3.760700886830458330e+03,-8.055421117479487636e-01
3.776752580471050805e+03,-7.524292542857533572e-01
3.759057860615331265e+03,-6.022259434398046229e-01
3.767014432368896905e+03,-8.897527850925219806e-01
3.773812236043245775e+03,-9.710879632549320739e-01
3.761221984678586068e+03,-5.852538748116675738e-01
3.753086350424845477e+03,-5.008075929828218475e-01
3.765175216503901538e+03,-7.083373343495404928e-01
3.764629570070751925e+03,-6.825707501004010247e-01
3.757874610791015584e+03,-7.778063224888539517e-01
3.745473273876727035e+03,-4.129703871547040217e-01
3.773242446637705598e+03,-8.264723740968039634e-01
3.764986572898507347e+03,-7.584362208429216157e-01
3.776381073276260395e+03,-9.400555558086092223e-01
3.758559609126411942e+03,-6.530786432778622475e-01
3.773623522375647553e+03,-9.493792697083285326e-01
3.764387587763438660e+03,-6.730602250520768548e-01
3.763994571310654919e+03,-5.778324604971474265e-01
3.759802820961275756e+03,-7.612110810269843153e-01
3.767324950824693133e+03,-8.888724499326016160e-01
3.757240796938649055e+03,-5.647974068756188570e-01
3.771731229486351822e+03,-8.279923441723586741e-01
3.762730350342085785e+03,-9.418446238313413765e-01
3.754491988404376116e+03,-6.309518011777437430e-01
3.763447330004695687e+03,-5.712323338335603129e-01
3.751449239517568458e+03,-3.290689219331209836e-01
3.763616125535069386e+03,-7.640806768324670539e-01
3.781527201247736684e+03,-1.016774514956131803e+00
3.766467206309880567e+03,-6.296733970480320464e-01
3.763522825862456557e+03,-5.875159801962399619e-01
3.765105624409883148e+03,-9.185300896042685181e-01
3.767836935874991013e+03,-7.091868040301376741e-01
3.769367725382996468e+03,-7.877770816147642297e-01
3.763504429989232449e+03,-7.634867742041138161e-01
3.780875250423091074e+03,-1.231438915306117377e+00
3.765340059190470129e+03,-8.453981302370974227e-01
3.766191266911818730e+03,-6.109132224595212879e-01
3.780975797143837099e+03,-9.578723846709098488e-01
3.764007714009286246e+03,-7.445525106889011591e-01
3.773020990417430312e+03,-9.411982739201598669e-01
3.778957892311716023e+03,-9.955583711768819510e-01
3.766328868511880955e+03,-6.809564248602774095e-01
3.760364156874379660e+03,-7.521543846579521464e-01
3.769367249969916429e+03,-8.375262600207170616e-01
3.762083279960536856e+03,-9.260545064948642047e-01
3.756450201478278814e+03,-7.180866367172915599e-01
3.763774728184161177e+03,-7.538648488941732673e-01
3.775322288346484129e+03,-1.061245968251404159e+00
3.761385972855221553e+03,-6.382400781429918846e-01
3.767620403672069187e+03,-8.338586523519149196e-01
3.760189023709767298e+03,-7.487641685281638537e-01
3.769848861603830755e+03,-8.059891981247653270e-01
3.769185946024060740e+03,-9.648842592302168120e-01
3.760600310313527643e+03,-7.577207554896505659e-01
3.761239992023343802e+03,-7.522121171700539843e-01
3.761941154798411389e+03,-6.043164940702372423e-01
3.770296003285191091e+03,-8.183828336856149299e-01
3.762047176969145312e+03,-7.227533471517252339e-01
3.773601048344997253e+03,-8.643287689709997501e-01
3.762406908670389839e+03,-7.862907970409823699e-01
3.757746877253962339e+03,-6.815094674133913566e-01
3.773574498925047010e+03,-7.327748103079961828e-01
3.773154390874517503e+03,-8.991704524480539362e-01
3.758330319338567278e+03,-5.996543306650865546e-01
3.763185096829277427e+03,-7.662683094869742195e-01
3.777901076764098434e+03,-1.004001281840602555e+00
3.771497334212102942e+03,-8.282115092138013779e-01
3.773358575218967871e+03,-9.645920968829133635e-01
3.765801981432519369e+03,-7.613609414183406532e-01
3.760993044099209328e+03,-5.834906808458195648e-01
3.771217280671700337e+03,-7.656191560672045426e-01
3.744745603192908220e+03,-4.304200031896047718e-01
3.760778716094804622e+03,-7.459480614427079770e-01
3.757849330807977367e+03,-5.870646429923309650e-01
3.760974852975062731e+03,-8.455419332022540146e-01
3.770633813370277949e+03,-8.607864646123362107e-01
3.769764900676816069e+03,-6.545279213709256361e-01
3.766153331553844509e+03,-1.017057117456082960e+00
3.758289596258578058e+03,-7.874675910740298601e-01
3.777306978574174991e+03,-1.082921419101877669e+00
3.759476734266194399e+03,-3.308606181473420782e-01
3.768324121924718384e+03,-7.850318445085751051e-01
3.767552350151760947e+03,-8.990083817074352446e-01
3.757098727491470527e+03,-6.702424703760785363e-01
3.764390058134342326e+03,-7.664525100283654524e-01
3.741357593080605966e+03,-3.474954078304455241e-01
3.771871355504692929e+03,-8.282116589851549193e-01
3.769233143571344954e+03,-8.301241714707668917e-01
3.778678074507141446e+03,-9.627363867204336012e-01
3.756101603260715365e+03,-4.867767166477668939e-01
3.759261404976780341e+03,-5.694700979309827993e-01
3.762508970383114502e+03,-5.820786058157341181e-01
3.778774102196372951e+03,-9.914408259209859242e-01
3.766235676929229612e+03,-7.686515233988379103e-01
3.758256220022265097e+03,-8.052365662984688477e-01
3.798405885386141563e+03,-1.239261074082603109e+00
3.777418719957462145e+03,-8.714036112546164059e-01
3.762825489092712814e+03,-6.745929659690422797e-01
3.774038905193741812e+03,-1.008335804290160453e+00
3.763760237912689718e+03,-7.881856347292566234e-01
3.771654176952260059e+03,-9.007226713963896181e-01
3.761615160120593828e+03,-7.005523997354103916e-01
3.755390930394714360e+03,-5.896962350247960671e-01
3.771422449585971663e+03,-9.476549277556398643e-01
3.766830698391255282e+03,-9.821009238687794518e-01
3.776957841776203622e+03,-1.081699157802844313e+00
3.755837291441488560e+03,-5.092376592496768994e-01
3.768283450614665526e+03,-7.991047012712237940e-01
3.761527217503954944e+03,-6.986982162742665370e-01
3.781492385346298761e+03,-1.087999294916258242e+00
3.759443097051882432e+03,-5.804590780773682956e-01
3.773035214253257891e+03,-8.419075021137049086e-01
3.767535645690926685e+03,-8.666152846795756037e-01
3.751018354416582497e+03,-6.040373750319587565e-01
3.756099041485896578e+03,-5.664447248147878033e-01
3.753250057563668634e+03,-6.649711345314031075e-01
3.761700137711498428e+03,-6.852298352244636792e-01
3.765370972158981658e+03,-7.184685826705822231e-01
3.768560027809690837e+03,-8.168695381823550816e-01
3.766040837652675236e+03,-7.768647810131251719e-01
3.770416638150994913e+03,-7.952789403115941846e-01
3.777284829344659101e+03,-9.813432232044949632e-01
3.752857929426392275e+03,-5.651925709787973817e-01
3.753157477148931321e+03,-5.651046876036638356e-01
3.775640027654360438e+03,-8.444441100172392911e-01
3.765686167828904217e+03,-8.895032473376764948e-01
3.754770516556108305e+03,-5.670101952825213898e-01
3.772945273215729685e+03,-1.104965643441503609e+00
3.770119502963746072e+03,-8.982615436004557363e-01
3.771566840351526025e+03,-8.808505174594083442e-01
3.758570834104898950e+03,-5.359457322073359897e-01
3.772347952024293591e+03,-9.169637109703909772e-01
3.773214674547696632e+03,-8.175487210702206964e-01
3.769129415554820298e+03,-9.254941269115182223e-01
3.762372676242391208e+03,-6.509785301602054597e-01
3.781590788115624036e+03,-1.088367044969407837e+00
3.773074867269782317e+03,-9.802462064300816458e-01
3.759789243412110409e+03,-6.151923487684289871e-01
3.783519068804039762e+03,-1.219270603251452201e+00
3.762371101442655799e+03,-7.553701945211770408e-01
3.763088687343122274e+03,-8.119307373745653367e-01
3.769529828988818281e+03,-6.967306558318704379e-01
3.780227066666473547e+03,-9.987299768982038639e-01
3.763505089204473734e+03,-6.715334228682584561e-01
3.765693418803723944e+03,-6.732472011102121900e-01
3.766000186322129139e+03,-8.080918898404272355e-01
3.776873824113622049e+03,-9.038347762548131215e-01
3.763955041536547014e+03,-7.597526181546766511e-01
3.766563618815481732e+03,-7.516733020362150741e-01
3.772103115123148655e+03,-1.092507083377594057e+00
3.755476984928137881e+03,-7.120635745899692726e-01
3.771937980638544559e+03,-8.946221208577709305e-01
3.759751085950373636e+03,-6.935816176142082234e-01
3.758115937181587014e+03,-6.056852129068014401e-01
3.762556407623777432e+03,-9.361938226448416334e-01
3.760419558795435023e+03,-8.088361845166209818e-01
3.767751747646130298e+03,-9.109322021125632052e-01
3.761272954627050694e+03,-7.194969854286391575e-01
3.773777816851626085e+03,-9.332708915341075828e-01
3.769687823448075051e+03,-7.434412303768411778e-01
3.764313577468897165e+03,-7.703141285910938274e-01
3.770901029999756247e+03,-1.002035979713971070e+00
3.769778903322378483e+03,-6.800636129200170465e-01
3.772091810349349089e+03,-9.030986729690544390e-01
3.772776246254300531e+03,-8.525066324362017278e-01
3.760286934093234777e+03,-6.713557220779323709e-01
3.762899054587824139e+03,-8.457399962710100416e-01
3.773844489901745419e+03,-8.874695803209722289e-01
3.771757110010182714e+03,-8.996926789432002636e-01
3.764648570170802031e+03,-8.913705390528435801e-01
3.758548827266525223e+03,-7.517177857080461489e-01
3.763938029724727130e+03,-8.231414902060668615e-01
3.763360130499943352e+03,-7.146189142951248074e-01
3.763475765529191904e+03,-6.267707659084789107e-01
3.765632199644561751e+03,-6.297070860317818264e-01
3.760701685291696322e+03,-7.935015211746475616e-01
3.774497167563833045e+03,-9.721473396734180428e-01
3.762316076271253223e+03,-6.434423039466461436e-01
3.772609023162737230e+03,-9.628636524712697042e-01
3.761982474916601859e+03,-6.675088390657765158e-01
3.752611797312866202e+03,-5.304661096689008426e-01
3.770955438975918696e+03,-8.158984048691113600e-01
3.756604477883078744e+03,-5.680529464436963050e-01
3.774488288635735898e+03,-9.637306618631116262e-01
3.769885968820443850e+03,-9.205520497090828869e-01
3.765478756119502577e+03,-7.887202529353888325e-01
3.765559094928074046e+03,-7.877644057809656264e-01
3.775177386566841506e+03,-9.600465204416770426e-01
3.757580917316202886e+03,-5.771276605659553249e-01
3.759788339073848874e+03,-7.176472330297595237e-01
3.769778025626720137e+03,-1.005209484577688217e+00
3.762302618002841882e+03,-6.889869223480096228e-01
3.770002042320830697e+03,-5.749713648175314162e-01
3.775806257754664330e+03,-1.080674376976352047e+00
3.769946590380668113e+03,-7.516523590425742141e-01
3.757033087136735958e+03,-7.909544689179670574e-01
3.764968775617683605e+03,-7.927673663847907282e-01
3.777105912577024355e+03,-1.054104578951499782e+00
3.762587518878653555e+03,-7.136374325316368061e-01
3.761230761141798666e+03,-7.324173489484838706e-01
3.764833319370333811e+03,-8.823402403285119933e-01
3.767968741605473042e+03,-7.456009682439453945e-01
3.757645867454445579e+03,-7.153628473967200696e-01
3.762908044286085442e+03,-7.476833224453472981e-01
3.767764606875494792e+03,-7.076612750100811366e-01
3.765896226116007256e+03,-6.911548595423573360e-01
3.767521926362146587e+03,-8.305098957808554339e-01
3.773710453737910939e+03,-8.872277273187361146e-01
3.765985080784509591e+03,-7.416553425480568729e-01
3.760538623267005732e+03,-6.550851088995692795e-01
3.773620746045583019e+03,-6.940518920418647930e-01
3.758476463255215094e+03,-6.633966885273498981e-01
3.776797733499755395e+03,-1.139511469504363106e+00
3.766387249808533852e+03,-7.452487241758629644e-01
3.757043348339153908e+03,-5.726827286022908581e-01
3.771662005436145137e+03,-7.831588301814607078e-01
3.762483062479925138e+03,-8.411066249008192219e-01
3.764037996105649199e+03,-7.943811872936710206e-01
3.757079744131303414e+03,-6.821462136325753267e-01
3.770836776585340886e+03,-9.504989659761995391e-01
3.761444346442759979e+03,-6.562407935572440731e-01
3.754110315779557368e+03,-6.050904259957841091e-01
3.774329652973802695e+03,-8.807617421000428770e-01
3.761766117016618864e+03,-5.649450069670729491e-01
3.759383728974973110e+03,-5.760712688027369577e-01
3.766751409392273217e+03,-8.899864085411173242e-01
3.757744998946590840e+03,-4.379202346972035920e-01
3.763687642283755849e+03,-6.914370584052618174e-01
3.777347433985137286e+03,-9.098003970970927057e-01
3.772592857785367414e+03,-8.914347501452962730e-01
3.773303792729509496e+03,-9.550673670471301335e-01
3.758781256619006399e+03,-5.685935688304583069e-01
3.761960629325363698e+03,-8.924209102373910074e-01
3.770173697670552883e+03,-7.652636454698816815e-01
3.770209100383932309e+03,-8.376288696141027668e-01
3.760333711229815890e+03,-6.924917460623271070e-01
3.773556798350537974e+03,-1.052428903845121999e+00
3.757666913915700661e+03,-6.602101420999949566e-01
3.770320897193896144e+03,-9.137436437560930713e-01
3.760240626579094169e+03,-6.107902458803821100e-01
3.760672572022827808e+03,-6.900415868940389386e-01
3.760433128495465098e+03,-7.322454896830481452e-01
3.768213859673500338e+03,-8.701100780023622860e-01
3.763140248530509325e+03,-4.545525539337538223e-01
3.759846238520969109e+03,-6.655488959282498396e-01
3.747742963609251092e+03,-4.819334715680167469e-01
3.762799039457992421e+03,-6.691300965496269626e-01
3.761213971136780401e+03,-8.240825487490563983e-01
3.773668722317494485e+03,-9.549360263161241758e-01
3.763511638611878425e+03,-7.506129513089210281e-01
3.785031792350341220e+03,-1.120602871311325188e+00
3.766118113870047182e+03,-8.145309711673174302e-01
3.763352887943176029e+03,-7.300699347450494425e-01
3.763037136762650789e+03,-7.627265980435610215e-01
3.774572632317156604e+03,-8.427882627561881224e-01
3.757606780329120738e+03,-8.347728535267415761e-01
3.758726056981854981e+03,-6.211775891320256981e-01
3.752325951239046844e+03,-4.088959251778522264e-01
3.774338792079302493e+03,-1.032095911863382121e+00
3.769324762564235698e+03,-7.125012769763335863e-01
3.771029287810610640e+03,-8.937253672974729835e-01
3.774664900271053284e+03,-8.958211925895991357e-01
3.770120697044158987e+03,-8.846079963333899343e-01
3.763272879142139118e+03,-6.361842588065433901e-01
3.763047446436453811e+03,-7.722192723333476394e-01
3.775918377376871376e+03,-1.009578975295851944e+00
3.762506813799854172e+03,-9.080108849926687986e-01
3.764977837947601984e+03,-7.304570177393319153e-01
3.775696979083669248e+03,-9.477852582063645004e-01
3.762033096949718583e+03,-6.690956982332949554e-01
3.770311125996370265e+03,-7.853218308132291492e-01
3.771841094368009180e+03,-7.640119389903290426e-01
3.765099794046404440e+03,-6.677709163181250185e-01
3.774719002025494774e+03,-1.027848791364857073e+00
3.758787406459506201e+03,-7.340993439742401483e-01
3.767384063417421203e+03,-8.732989811362708021e-01
3.767449124141472112e+03,-7.424725805510814514e-01
3.771246008960359632e+03,-1.008630992062163001e+00
3.765390895022435870e+03,-6.360991654675419715e-01
3.747707388997091130e+03,-4.683332976785160584e-01
3.767600726975429552e+03,-8.733512246848436078e-01
3.773880877418171167e+03,-7.970687705265753209e-01
3.774541354590166520e+03,-9.936630383223260532e-01
3.760041416172951358e+03,-8.092293251089873740e-01
3.772301623518696488e+03,-1.001821636823929662e+00
3.771610565283300275e+03,-1.049281743693048163e+00
3.759255159674407423e+03,-6.634915730783828014e-01
3.761834658035959819e+03,-6.931307003746657314e-01
3.774997393178152834e+03,-9.231935637626764724e-01
3.774430696432641525e+03,-7.923329814723757414e-01
3.770160312827201778e+03,-1.022615420912656337e+00
3.774830083821787412e+03,-1.096143919924031485e+00
3.771197239021517362e+03,-9.360859503612867227e-01
3.761492865609570345e+03,-8.379709943546992390e-01
3.767170674907536522e+03,-7.929897089710772340e-01
3.767434815522488407e+03,-8.817459529930746776e-01
3.764701056367406181e+03,-8.697420392290960978e-01
3.745166197774197826e+03,-4.331012201442807630e-01
3.759447399012906317e+03,-6.717045179402874044e-01
3.762479378478248236e+03,-7.403967678854552759e-01
3.762941455850057082e+03,-7.197339391547570298e-01
3.759986416359930899e+03,-7.710975284334803392e-01
3.763100572595407357e+03,-7.804153330685023038e-01
3.770489079676704023e+03,-8.231972961845832604e-01
3.770114730307238460e+03,-9.539350069857278624e-01
3.772864906585143217e+03,-9.926482441320694239e-01
3.778507491949460018e+03,-8.972076050251092116e-01
3.770835308045097008e+03,-9.079744626143503305e-01
3.759927727719720224e+03,-7.549426565852210835e-01
3.772028350297759062e+03,-7.881340485477384972e-01
3.767682195111276997e+03,-8.140854695613356506e-01
3.770609632885933479e+03,-8.433799834790925987e-01
3.776832712412170167e+03,-9.316117391858068641e-01
3.769547646973938754e+03,-7.922809289848453673e-01
3.770261889215517385e+03,-8.747702949195390598e-01
3.774138462757518482e+03,-1.008415402618198842e+00
3.754242076123913648e+03,-5.474601816406734489e-01
3.769805345574111925e+03,-7.226555833804125806e-01
3.771312477569416842e+03,-9.010817025459220142e-01
3.768420993483194252e+03,-9.121302095551803157e-01
3.766077084607500183e+03,-7.212702162134309036e-01
3.781144339395023508e+03,-1.068932142216742598e+00
3.768122434067947324e+03,-1.005253313613020172e+00
3.764307186472834474e+03,-8.765191617030476667e-01
3.770443792154964285e+03,-8.800094032643284159e-01
3.773386050092464757e+03,-1.100556804852196979e+00
3.759710818682996887e+03,-8.245759919215160938e-01
3.765051154515016151e+03,-7.678080137677929518e-01
3.764668138337506662e+03,-7.539783143860412373e-01
3.766025930799473826e+03,-9.833285717117561386e-01
3.760602896577799129e+03,-7.469189473807555935e-01
3.766646863071218377e+03,-8.523359966948895750e-01
3.778375703416264514e+03,-8.711635473791976558e-01
3.755072411673445458e+03,-8.291610829353726064e-01
3.760871242804664689e+03,-7.146474977620023150e-01
3.776804675317625424e+03,-1.122644495486587068e+00
3.774023535751345207e+03,-9.482536462374492325e-01
3.770166617479450906e+03,-8.013139582096876490e-01
3.763854677815730611e+03,-8.313382856709440327e-01
3.758210505658303646e+03,-7.016995266229747452e-01
3.769128561154549516e+03,-6.826932443332146550e-01
3.770844600486811032e+03,-8.162406698194107912e-01
3.763687571448971539e+03,-7.860896188563004650e-01
3.776043634925503738e+03,-1.069617924008842591e+00
3.771753963044651300e+03,-7.645875990075364781e-01
3.771283975606987497e+03,-9.372986138738164108e-01
3.757422525986708479e+03,-6.461007363131510139e-01
3.760412205295487638e+03,-7.155061590410709549e-01
3.773194208427246394e+03,-9.142434118054567627e-01
3.760860479318534544e+03,-8.426929521701378434e-01
3.758983452674779528e+03,-5.875812493354616306e-01
3.779381416590965728e+03,-9.236053966425933348e-01
3.767107955794418558e+03,-8.943460967475304058e-01
3.762883471109855691e+03,-5.337947050185202214e-01
3.767982726487744003e+03,-7.893636119152360742e-01
3.763720225221942655e+03,-7.368482995655171175e-01
3.761566383782000230e+03,-7.513731747364806868e-01
3.770086631899208442e+03,-9.380678472985086724e-01
3.770227327449726545e+03,-7.978262565609799406e-01
3.759697557904868972e+03,-7.574780768492291871e-01
3.775244299993060849e+03,-9.437660300629664434e-01
3.782067625912190579e+03,-1.154028138972820861e+00
3.772640257667597780e+03,-8.570180070709538800e-01
3.759137805267617296e+03,-7.701865567830699089e-01
3.766875209296940284e+03,-7.743059215083437641e-01
3.743295730319357062e+03,-4.509624831650708154e-01
3.761674989188816653e+03,-7.764635873015730549e-01
3.771202483238729201e+03,-8.514568283003088878e-01
3.761832050781250018e+03,-7.898949297588365726e-01
3.767477606764912252e+03,-7.824406832857564442e-01
3.775391795738987184e+03,-9.858176622995356020e-01
3.758846809200142616e+03,-7.123730591011869784e-01
3.754709509824557699e+03,-4.513830315317408082e-01
3.768703085168374400e+03,-9.607524284179808083e-01
3.769452542197221192e+03,-8.557627444766697788e-01
3.775055232544119008e+03,-1.078429381894958405e+00
3.754775620727014029e+03,-5.310359888161837461e-01
3.762954908793817140e+03,-6.142298104949489579e-01
3.782561168584028110e+03,-1.054114698802219197e+00
3.747058688008676199e+03,-4.472880830123110441e-01
3.762750190745479358e+03,-6.886262623499548319e-01
3.765699136004492175e+03,-6.499464721111973819e-01
3.771971924377951837e+03,-8.301412695944930809e-01
3.762629377111943541e+03,-6.414465888692232332e-01
3.763924599885991938e+03,-8.149712657968652962e-01
3.766986228724681041e+03,-8.415571589333332714e-01
3.751037145899696043e+03,-5.959935099218760524e-01
3.768687496472975909e+03,-7.063330054602021679e-01
3.765712939033910970e+03,-8.982517199361557125e-01
3.768442215779385606e+03,-1.033686878490937211e+00
3.762394660329362978e+03,-8.103334654464996456e-01
3.765722222446309843e+03,-8.704000178042708979e-01
3.777750416380840761e+03,-8.249092772260923079e-01
3.780254336366635471e+03,-1.224302204129869676e+00
3.766064781599234720e+03,-6.831805153407104481e-01
3.776460052850662578e+03,-1.002027814882237688e+00
3.749863482233395189e+03,-4.523601239240047089e-01
3.770778012395885980e+03,-7.573213590478119484e-01
3.766510988388350142e+03,-9.041486734475803200e-01
3.774020801325864795e+03,-8.909961831459619619e-01
3.777911853159362181e+03,-7.914036810312199410e-01
3.749972532791193771e+03,-5.537199797256302514e-01
3.767937895897074213e+03,-8.842718151898344425e-01
3.762972334759307159e+03,-9.024258243592495621e-01
3.773578411346886696e+03,-1.115966060333448917e+00
3.763131855122703655e+03,-7.353719365192272761e-01
3.761185276357343355e+03,-5.803507314953278984e-01
3.785429228992978551e+03,-1.043367858427269868e+00
3.766177563260376246e+03,-8.278304914032730277e-01
3.760410832189632856e+03,-7.909463721326632779e-01
3.771802738206106824e+03,-8.562339856568491614e-01
3.773236171391465177e+03,-8.763879233759322984e-01
3.769072900733995084e+03,-8.184331711450871794e-01
3.765852648694444724e+03,-6.992730234360887698e-01
3.750572757716239266e+03,-6.998103589890100062e-01
3.752098012270304480e+03,-3.531648682682744234e-01
3.764752468163633239e+03,-6.587720323502879172e-01
3.765486330534831723e+03,-9.339720655814522932e-01
3.770292849465527979e+03,-7.847406920220492133e-01
3.786947310848177949e+03,-1.252681233606774747e+00
3.770422942629412319e+03,-8.033659719141909017e-01
3.761286411100149053e+03,-8.146247538552766621e-01
3.770803453585511761e+03,-8.690177207353600997e-01
3.760840215319763047e+03,-8.015067040197062509e-01
3.767555264216357500e+03,-8.284932605363379832e-01
3.760729594464783077e+03,-7.663148229853588012e-01
3.766926779873011128e+03,-7.028661316901875233e-01
3.769973213122391826e+03,-9.072790569869944033e-01
3.752180744917676293e+03,-6.989278962319065425e-01
3.759990324693028924e+03,-7.521072525154128829e-01
3.769427100138712831e+03,-7.593268800254938666e-01
3.766792742158024794e+03,-7.007116860651487755e-01
3.764640844462584027e+03,-6.792511128022655775e-01
3.770067137740180897e+03,-7.961977564221790482e-01
3.768723706789972312e+03,-7.943402620699687722e-01
3.773825618292044510e+03,-9.328636662753237996e-01
3.768745800045708620e+03,-8.450315336274604183e-01
3.763710085208611872e+03,-8.883991974856666474e-01
3.773088657283680732e+03,-8.978165838854560432e-01
3.760714454735482377e+03,-6.715481664667261041e-01
3.770266303359156609e+03,-7.793695538880207607e-01
3.768532592646594821e+03,-8.279984305027839886e-01
3.767337580479473218e+03,-8.571906359371391781e-01
3.763888082393984405e+03,-6.957035570957480486e-01
3.770951583573676544e+03,-9.728914220821447412e-01
3.772401549098308806e+03,-8.243916463739828782e-01
3.765208422143271491e+03,-7.607297698949139209e-01
3.755769345758193595e+03,-6.230029112896827703e-01
3.765480040732237285e+03,-8.894985746989266806e-01
3.766138630011523674e+03,-9.458872630210708454e-01
3.771022389422087144e+03,-8.109383880331750838e-01
3.754562484748126280e+03,-6.490235069642765753e-01
3.762385392917267382e+03,-7.928978180120517250e-01
3.760113319134802168e+03,-7.486314499151487389e-01
3.770858168725908854e+03,-7.611571449265936984e-01
3.758729984832828904e+03,-7.829457514177147193e-01
3.753782041961216692e+03,-6.463173478839667752e-01
3.769513703351189633e+03,-9.871085081323485166e-01
3.753417017732360819e+03,-6.030819578909663026e-01
3.763450952399110975e+03,-6.937402500735101452e-01
3.763990798557807466e+03,-5.714104339329489912e-01
3.766274813923070724e+03,-7.900517574251555430e-01
3.767466004232859177e+03,-8.418928795852791414e-01
3.755458781596257722e+03,-8.181490467582881454e-01
3.760841983662261555e+03,-6.310752137408847107e-01
3.764613610059456732e+03,-8.337130764266164062e-01
3.773606285996832412e+03,-9.808692324561183451e-01
3.766070194011713738e+03,-6.701945346790654234e-01
3.768271688531418931e+03,-8.683980118706945417e-01
3.763373135585852651e+03,-7.271061785571525382e-01
3.768446667143130981e+03,-8.623033452548076738e-01
3.773812664907006820e+03,-1.067732272211896705e+00
3.777683513259847132e+03,-1.203657645679054866e+00
3.758224721304793093e+03,-7.212746762998748506e-01
3.767584117341515594e+03,-6.363162837715224951e-01
3.769673410330378829e+03,-9.104086002533620103e-01
3.762943147714843235e+03,-6.699571635602736830e-01
3.761074767250603145e+03,-6.060741392899650082e-01
3.765067278902916314e+03,-6.952542164125167234e-01
3.756369474657952196e+03,-8.228028606089915487e-01
3.768820126355063621e+03,-7.701104904499601611e-01
3.767212528403274518e+03,-7.024330960533001766e-01
3.782525891470682382e+03,-1.042579698581420411e+00
3.770351068947678868e+03,-8.658537451599015444e-01
3.759530998915006876e+03,-5.258049505814048619e-01
3.768036029101737768e+03,-7.008450781738809754e-01
3.748741129391778486e+03,-3.272878513282724278e-01
3.773214315901608188e+03,-9.407463632365626882e-01
3.760470475476734919e+03,-6.366942628172584939e-01
3.756017535805793159e+03,-5.088529672430310846e-01
3.757116050378332602e+03,-6.033737432706046677e-01
3.761310850395560465e+03,-7.891609183978594011e-01
3.758878404358677926e+03,-5.182373386839254081e-01
3.768234906558613147e+03,-7.987592981880582421e-01
3.776215018740203050e+03,-1.024362509733355076e+00
3.767612500471677777e+03,-7.116097748148886293e-01
3.757996341145641964e+03,-7.130315443979452494e-01
3.775442738326294148e+03,-8.764917739207027658e-01
3.759877284577260070e+03,-7.461926495310443608e-01
3.759607293621913868e+03,-6.093356879370706025e-01
3.791624267494671130e+03,-1.242314773497273706e+00
3.764663442616273642e+03,-7.489825524920851185e-01
3.762509178313101529e+03,-8.772542087064233440e-01
3.771056301317114048e+03,-7.173113580391954347e-01
3.762402425770938407e+03,-7.456616457669995590e-01
3.777997612530662082e+03,-8.343224076547952617e-01
3.769338135158197929e+03,-7.227482258392112779e-01
3.763608096523232689e+03,-7.764802197478752888e-01
3.750686438310897302e+03,-3.841204889199682504e-01
3.756216949746252794e+03,-6.132031150050334389e-01
3.768024206811666772e+03,-6.558751588508179298e-01
3.773729605099629225e+03,-8.605537287994982076e-01
3.772932731077693461e+03,-9.419006785566590434e-01
3.767075275662932654e+03,-8.999271197570803960e-01
3.786985067249752774e+03,-9.420696039179343728e-01
3.762395499986767391e+03,-5.853610783815268448e-01
3.779109802880001098e+03,-1.032975108032917033e+00
3.762423656831007520e+03,-8.493736496368975430e-01
3.774466338400268342e+03,-9.313757430638344159e-01
3.765553463893425487e+03,-7.010691482883264491e-01
3.770474235994723131e+03,-8.314216072319069450e-01
3.758932728589210910e+03,-7.893788874152902757e-01
3.765105644764612407e+03,-8.354275124488257376e-01
3.779234303682429527e+03,-1.009680529067086274e+00
3.765075670427724617e+03,-7.776759749827020229e-01
3.769364059860010002e+03,-8.922981175630166906e-01
3.756296746855280162e+03,-6.576175934952593893e-01
3.775753283458800524e+03,-9.430084546236068288e-01
3.775278860381828054e+03,-9.904350810598659960e-01
3.763204018976671250e+03,-7.988694031748782010e-01
3.775373482904638877e+03,-1.009327542226053254e+00
3.766978222627544710e+03,-7.595522057455751375e-01
3.760261476052734906e+03,-6.902444964364331526e-01
3.771508783158557890e+03,-7.851088659559164462e-01
3.773975806594667119e+03,-9.395582611806003737e-01
3.765608299351828009e+03,-7.048839450177594168e-01
3.770906811353552257e+03,-9.435934982807301363e-01
3.763059413695124476e+03,-7.731710351580766138e-01
3.767662571493170617e+03,-9.472736762953573031e-01
3.760574728645693995e+03,-6.954481702001262811e-01
3.779375210096459796e+03,-9.839521455267636885e-01
3.766667286685678846e+03,-9.591785416039645407e-01
3.774839535257809985e+03,-9.868344755431943671e-01
3.771467532460109851e+03,-9.449586312198523519e-01
3.775021634784131948e+03,-9.686711412547399647e-01
3.763359511296117489e+03,-5.668734229752402376e-01
3.776803201967697078e+03,-1.187878107565239150e+00
3.760427449562004767e+03,-7.159712751110969275e-01
3.764968134921319233e+03,-7.551360798697069887e-01
3.758414939096178841e+03,-4.922049245100063031e-01
3.759328673521427845e+03,-7.024426178682638966e-01
3.760287304983090507e+03,-8.300128839273049897e-01
3.764505787482753931e+03,-8.307928854053745482e-01
3.773020104755753891e+03,-8.055892967668627502e-01
3.749450309831786399e+03,-6.433757950417846594e-01
3.779902656402003686e+03,-1.057547163083131014e+00
3.765245474014935553e+03,-7.865688210836706551e-01
3.774206212623452302e+03,-1.020977628692730121e+00
3.768847410387611490e+03,-8.233673560958012505e-01
3.771327114335221722e+03,-9.010630331987440345e-01
3.778101935593290364e+03,-8.506657914343166427e-01
3.766433064198431111e+03,-7.283158003813281489e-01
3.765696759142963856e+03,-7.782449281832564125e-01
3.770018392707993826e+03,-8.296904044710351478e-01
3.771763914814265718e+03,-9.025840565308289598e-01
3.764204517560569002e+03,-6.739880518707769275e-01
3.763285901679771541e+03,-7.996500865362140553e-01
3.764834288644149183e+03,-6.805361486732596221e-01
3.773097933985195141e+03,-1.171642273942116397e+00
3.763815929020621297e+03,-6.554275150956456741e-01
3.774690817915832667e+03,-1.048922695981969522e+00
3.763122752940741066e+03,-8.184899886087690923e-01
3.776251250881285614e+03,-1.087449782156268530e+00
3.757494203906227995e+03,-7.409889982381023810e-01
3.764592054068073139e+03,-6.880227171444784906e-01
3.774771993658896463e+03,-7.823833469909617921e-01
3.761807964687846834e+03,-5.982142539332668818e-01
3.770971448863078422e+03,-8.016210192129585854e-01
3.766760057814717129e+03,-8.014858195291166831e-01
3.761243781025956650e+03,-6.908006827284226548e-01
3.782859497714738609e+03,-1.224274419086165411e+00
3.771666227820266613e+03,-8.197047633115959187e-01
3.763426064090023374e+03,-6.256044371083729905e-01
3.759928038706113966e+03,-5.441058582743945049e-01
3.765020372817314637e+03,-1.027149692524308877e+00
3.773589919578694662e+03,-7.991026657933923971e-01
3.756439284575728379e+03,-5.742668427417586541e-01
3.779890146102375184e+03,-1.149165679284706476e+00
3.756550470552827392e+03,-4.818662282059009705e-01
3.769204632211098215e+03,-8.963541816932101280e-01
3.771439321345085773e+03,-8.869656082735892788e-01
3.760102958365350787e+03,-7.149256261327026074e-01
3.761487526945812533e+03,-5.749264844509407446e-01
3.764354682746756680e+03,-8.685357407437126476e-01
3.782346667747329320e+03,-9.680562021978839082e-01
3.750797945812023499e+03,-4.847257824735597964e-01
3.768098093123334365e+03,-7.692774341745941546e-01
3.771775292421465565e+03,-7.718831988218720630e-01
3.774464924340260040e+03,-1.149941408903626616e+00
3.767766937033479280e+03,-7.272537626690349644e-01
3.765613500669207951e+03,-7.557275570685690891e-01
3.769881843555106570e+03,-1.011207275908674541e+00
3.763252856131862700e+03,-8.744135501697885005e-01
3.763952434305288079e+03,-8.664696869523764722e-01
3.761767474316271546e+03,-7.895315728556266954e-01
3.773307730799597266e+03,-7.143793788346708418e-01
3.764727396100941405e+03,-9.352040836856509998e-01
3.756553082101471318e+03,-4.445181060546227192e-01
3.773144292464248792e+03,-8.790775258307906848e-01
3.759474363932599772e+03,-5.960858744606513104e-01
3.769275634315111347e+03,-1.029349928340590914e+00
3.760398866358478699e+03,-9.878729158906369712e-01
3.761858785088716559e+03,-5.495790496266226288e-01
3.770352527013703821e+03,-8.066931812408905111e-01
3.762310285198714610e+03,-7.665447695659166616e-01
3.767659855219035308e+03,-7.176415942707948803e-01
3.768734650581290225e+03,-8.278621023529948442e-01
3.769058892431816730e+03,-9.179625602386509708e-01
3.758104611427922464e+03,-5.866464274724834116e-01
3.780022429959024521e+03,-1.140187738424533581e+00
3.765787520024161040e+03,-7.388348756820241059e-01
3.750204716220372120e+03,-5.844943644006423966e-01
3.768221134814959441e+03,-8.018167935129671964e-01
3.777687945088217475e+03,-8.923074219676028207e-01
3.762542397730064295e+03,-5.861991932618568768e-01
3.768741631790626343e+03,-8.690895132988184502e-01
3.765815606437100087e+03,-7.382524630318759717e-01
3.774952399451202382e+03,-9.270807277563510862e-01
3.769983900147880377e+03,-8.919064803899148242e-01
3.768623757634376489e+03,-8.615549502870217813e-01
3.771869040929771018e+03,-8.562830054965266946e-01
3.782843788376311295e+03,-1.090172677395967904e+00
3.766630171013790459e+03,-8.928475103485198350e-01
3.756818654885024898e+03,-6.366622158959182043e-01
3.770849405704570472e+03,-1.001088364863235380e+00
3.761255559851949783e+03,-6.450685976037375813e-01
3.765039727537604904e+03,-7.333026164453020357e-01
3.758573518297288047e+03,-4.466294338707333389e-01
3.773717801005780984e+03,-8.568298458505716475e-01
3.767927945103109323e+03,-8.443519449282765876e-01
3.753795293763322206e+03,-5.639672246584889193e-01
3.776994928658053141e+03,-9.479109041969658866e-01
3.773278624279453197e+03,-1.011163021455415700e+00
3.775914980925491363e+03,-9.237274880701020763e-01
3.773837853524406455e+03,-1.025148373904686938e+00
3.764283112481533408e+03,-7.682694912987706459e-01
3.750172959035729036e+03,-5.971356940601160179e-01
3.768047547948493047e+03,-9.735188460022625723e-01
3.761003463849991931e+03,-6.934659350926311028e-01
3.770522829944629393e+03,-1.034290447323256146e+00
3.782546783175141172e+03,-1.079118482865820461e+00
3.771723692057633343e+03,-9.348805956753132307e-01
3.775586407624848562e+03,-9.165516598445603291e-01
3.765386234636911013e+03,-7.509295133011946177e-01
3.756640777035550855e+03,-4.214148793426670814e-01
3.767352513573251599e+03,-8.657466139193210619e-01
3.764168329095127774e+03,-6.748558049475654741e-01
3.771543084477889352e+03,-9.050602820776462165e-01
3.770253529855718625e+03,-8.501723841170681917e-01
3.769719734087750112e+03,-8.785740920465775483e-01
3.765022832280651528e+03,-8.334257837852002693e-01
3.766940955250475326e+03,-8.274271594458919576e-01
3.762043840769203598e+03,-6.738155789451700795e-01
3.765739658341129598e+03,-8.644029120186897952e-01
3.773625970755154867e+03,-1.073554947093869449e+00
3.747873928957801581e+03,-2.887247349457283674e-01
3.773825442095713697e+03,-9.498805581830203071e-01
3.769138496751467756e+03,-9.889358604077933546e-01
3.766806106799265308e+03,-7.099424720228316721e-01
3.776437233291904249e+03,-9.392140891563675043e-01
3.765217154870422291e+03,-7.407609780817862033e-01
3.756241084887892157e+03,-8.047042393296615082e-01
3.764294542018942593e+03,-9.033244652462932844e-01
3.772123697544560855e+03,-8.980870879327946810e-01
3.768579610729354954e+03,-8.629265149504748988e-01
3.762275890715890000e+03,-8.546634181585958112e-01
3.759612302843530415e+03,-8.368928101108747963e-01
3.770971385326682139e+03,-8.523535916388457201e-01
3.767312579416051449e+03,-6.739459250122578071e-01
3.765396788997190015e+03,-8.317504854166789530e-01
3.757792310065088259e+03,-7.972676022434288523e-01
3.760383366541150735e+03,-7.337263084893390630e-01
3.765894777134998094e+03,-8.271774273509002740e-01
3.765421288149731481e+03,-7.849114005526574012e-01
3.750051896169313295e+03,-5.547739933279192126e-01
3.772050545729716305e+03,-8.392431996850364673e-01
3.771141655283706768e+03,-8.918493145473345152e-01
3.768277409774701482e+03,-7.905524674435813193e-01
3.753039111566121392e+03,-1.885337592514165772e-01
3.765694781575964043e+03,-7.035792014254703686e-01
3.763358803068137604e+03,-7.421203285270510097e-01
3.755828055343471533e+03,-5.755280052926556866e-01
3.757471978953766666e+03,-6.663520887938899628e-01
3.762831977469182675e+03,-6.011358768630927774e-01
3.762828385975134552e+03,-6.486861478013916660e-01
3.765460117621684276e+03,-8.025906554851935937e-01
3.761936476281127398e+03,-5.830968366700225447e-01
3.759970490745959978e+03,-7.939012814894532699e-01
3.763516471265022119e+03,-5.722670212243023968e-01
3.761306053360554870e+03,-5.350990291318402647e-01
3.754788985301646790e+03,-5.884760471051365682e-01
3.760844476823582227e+03,-8.426172874236519394e-01
3.769691551435869314e+03,-8.658870116748894619e-01
3.766117268789619629e+03,-7.508013612270568737e-01
3.769565278103601941e+03,-8.848290986229695454e-01
3.764635746173370535e+03,-8.280067203625063321e-01
3.779046035810129524e+03,-1.084275920079097233e+00
3.765378760706547837e+03,-8.829184045179212514e-01
3.772651479444667075e+03,-9.667710860000428008e-01
3.767930213917391939e+03,-7.797972662320052928e-01
3.764247654371348290e+03,-8.531799681404508284e-01
3.757748454002598010e+03,-5.123913309750818268e-01
3.754183966811118808e+03,-6.004912975371766715e-01
3.758056731029880211e+03,-7.509515262812060943e-01
3.758837942383483096e+03,-7.112342321015271418e-01
3.756140972474318005e+03,-4.989997726644128107e-01
3.758815134485500039e+03,-6.251361542426455697e-01
3.763356782184626809e+03,-7.471391896992711779e-01
3.760903462445221976e+03,-6.732381276250549718e-01
3.765346159296677797e+03,-7.373536494325151347e-01
3.764441594408023320e+03,-8.817653795969508934e-01
3.766528056426721832e+03,-8.860792580022569531e-01
3.772920097035871095e+03,-9.979689372664864999e-01
3.764956839057046636e+03,-8.157140129115574290e-01
3.762085740655381414e+03,-6.334741557742847862e-01
3.779931153544664994e+03,-9.100821963776070112e-01
3.765049024934492081e+03,-8.294237557673088679e-01
3.763659078206763297e+03,-7.833228039013159227e-01
3.767941419312518974e+03,-7.867345915835185499e-01
3.770379739918466385e+03,-8.102486253506000491e-01
3.779570075950487080e+03,-1.108560576815817322e+00
3.763886714168679191e+03,-7.685272002520616708e-01
3.763653786607717848e+03,-8.463094323067856806e-01
3.760431010472897015e+03,-6.555302792207688967e-01
3.777430754134359177e+03,-9.720342495600626798e-01
3.775933949716828920e+03,-9.131405935848172506e-01
3.772329472013189388e+03,-1.083325277067846093e+00
3.771438924121032869e+03,-9.889618840672801392e-01
3.770085538391195769e+03,-9.418359138315284262e-01
3.765026534896175235e+03,-7.764901883845570785e-01
3.764940827071417061e+03,-9.415984286902506772e-01
3.754598022879299151e+03,-6.252519215591332280e-01
3.764866858411594876e+03,-6.663220019107323200e-01
3.768956315416665348e+03,-8.654605780988749997e-01
3.766792870826874605e+03,-8.816204652620701632e-01
3.758669344074647142e+03,-6.233989551525438433e-01
3.763809022059865129e+03,-7.561976633581255491e-01
3.764477938772255584e+03,-7.709993554222406287e-01
3.775162014100511897e+03,-1.075493134184024147e+00
3.769664974727883873e+03,-5.156542918519435581e-01
3.772627774926148504e+03,-9.578004791665393203e-01
3.765343128923428139e+03,-7.017108813601007355e-01
3.765000689811435223e+03,-8.746398275657533139e-01
3.767645656897121626e+03,-9.450886109118922240e-01
3.763144282111661596e+03,-6.032864518195409920e-01
3.773937969635983336e+03,-1.079893899169838800e+00
3.780322861151151756e+03,-1.067459270745579225e+00
3.768988031440261238e+03,-8.354366536514657993e-01
3.760022272437757238e+03,-6.780802228457359915e-01
3.776147782186248605e+03,-8.702113038264652767e-01
3.757112895264143390e+03,-5.990936713522431178e-01
3.758610396748168114e+03,-6.339774971429537054e-01
3.761960323479431281e+03,-7.723250391485052546e-01
3.764812135742677583e+03,-9.510519410068525303e-01
3.770711301584037301e+03,-8.727832553925710668e-01
3.762456996502933180e+03,-7.141726154862390041e-01
3.769261148341726312e+03,-7.665057160793249391e-01
3.765119720082337608e+03,-7.277019692072823620e-01
3.775061988639785341e+03,-9.423692886023715687e-01
3.764402994756539101e+03,-9.096662017591626848e-01
3.769127651035961662e+03,-7.839908768829282337e-01
3.773422059611416898e+03,-9.003429313780422216e-01
3.776560723949331532e+03,-9.123023526058513522e-01
3.771236175658523734e+03,-1.005866641662899408e+00
3.775690478640385663e+03,-9.400340491457174208e-01
3.762044334660602090e+03,-6.691893890484323926e-01
3.759865416824629392e+03,-8.533897866441406688e-01
3.756842444716186492e+03,-6.484408340768655910e-01
3.763858983331258969e+03,-8.859089269054515325e-01
3.765872644014231355e+03,-6.723041148482626905e-01
3.768342053570113876e+03,-8.389758260108467480e-01
3.766149419187212516e+03,-6.372916423078385240e-01
3.769745394250398931e+03,-7.652121610413418207e-01
3.793264441668057771e+03,-1.273474068209018650e+00
3.787761851210535951e+03,-1.188078890154453893e+00
3.769686880565013325e+03,-9.551020631234192759e-01
3.763782347112222396e+03,-8.090553227157880611e-01
3.761915389172372215e+03,-7.426581816598143426e-01
3.772152585176655521e+03,-9.257706645047378835e-01
3.760818179248879915e+03,-6.544441049535345556e-01
3.768913988662390693e+03,-7.637486262229165046e-01
3.759808780863622360e+03,-4.742230578430434162e-01
3.756221287842708989e+03,-5.856387412560436490e-01
3.762718995562662258e+03,-7.216064833001596401e-01
3.774143684092605326e+03,-8.702950647386261673e-01
3.756707427586005451e+03,-5.258865602839473130e-01
3.757395969056102786e+03,-7.864681491421431359e-01
3.768129940930099110e+03,-7.364221247352895627e-01
3.774292505103984240e+03,-8.678857868186269364e-01
3.757312597375348560e+03,-6.806785525814142979e-01
3.771795301418731469e+03,-8.615367308276175029e-01
3.777519972296521701e+03,-1.002437258876530235e+00
3.767492635511871867e+03,-8.164443350376435760e-01
3.768327257417745841e+03,-9.116953281880351145e-01
3.761399865844275155e+03,-7.784671627609589528e-01
3.767604061023415397e+03,-7.835770854821799691e-01
3.770323773203519067e+03,-1.080404194122215111e+00
3.767407337309360173e+03,-7.074240450928783730e-01
3.767410966786960216e+03,-8.144133005295312033e-01
3.751902519466716512e+03,-5.108731468542238030e-01
3.765204582660402593e+03,-8.078599308701185366e-01
3.769186458639448574e+03,-7.719407218353773192e-01
3.779223595659816965e+03,-9.837439961178359171e-01
3.762957060113982607e+03,-5.692971759741332072e-01
3.773829223653519875e+03,-9.646026870666331021e-01
3.745067383655333288e+03,-4.857921279729667252e-01
3.756870875739404710e+03,-6.633643013972696512e-01
3.771983613232687730e+03,-9.944925109796305396e-01
3.757191605095065825e+03,-5.984976455682117225e-01
3.761969329216468850e+03,-7.601897698458094377e-01
3.773681335896509609e+03,-9.701105848192098646e-01
3.767465171733274929e+03,-8.814726508580690290e-01
3.760809608737396957e+03,-8.239256156660481611e-01
3.775732074809577625e+03,-8.501209524682740160e-01
3.777468719926195718e+03,-9.783866954370979974e-01
3.763777203177156480e+03,-7.932060715205382362e-01
3.768738786981123667e+03,-8.153096858430586291e-01
3.761108999149148531e+03,-8.792466310344166924e-01
3.759150393283382982e+03,-7.090374644117161118e-01
3.767314731171747098e+03,-9.264739576244609420e-01
3.758974290586469124e+03,-5.452734997721684351e-01
3.771256606235454910e+03,-1.076275959371402857e+00
3.759831932435658473e+03,-6.819681433483982813e-01
3.757731998725490939e+03,-6.145832206046794033e-01
3.760301967274372601e+03,-7.638072130100412860e-01
3.764393393935060885e+03,-7.008575607443572331e-01
3.756105428707546707e+03,-5.450225798001433475e-01
3.775303028487327083e+03,-1.153543321266750965e+00
3.767308159086060641e+03,-6.582586204970101162e-01
3.753623026631253651e+03,-4.988905017618569526e-01
3.771723691786016843e+03,-9.697387484311943417e-01
3.772369380117843775e+03,-7.841701374411458314e-01
3.758894532936845735e+03,-7.473410433618667970e-01
3.758688270295081111e+03,-6.258556826699266384e-01
3.770305956434654945e+03,-1.064380324810668021e+00
3.762908134828515813e+03,-7.289440190420868326e-01
3.766694477373488553e+03,-8.687078849895834010e-01
3.779609521319863688e+03,-1.040480136346017437e+00
3.770996756443967115e+03,-8.896846559643298846e-01
3.768192734824425315e+03,-7.887867149586755833e-01
3.757697860651476276e+03,-5.897668359107011149e-01
3.758207481083548373e+03,-6.999886350204875818e-01
3.768143186253354543e+03,-9.858217609398112202e-01
3.772629875415723291e+03,-9.583652428720516037e-01
3.764322120688661016e+03,-6.009261216738880362e-01
3.773090848272313451e+03,-9.939510105263353879e-01
3.767414172725932531e+03,-1.073149944078626961e+00
3.765385783903550873e+03,-7.645798828046795892e-01
3.770819546909588553e+03,-7.678958759163396763e-01
3.764852702458393651e+03,-7.985850578371598285e-01
3.776892670214606369e+03,-7.880069393551510926e-01
3.763297410640091130e+03,-7.694339090573977247e-01
3.749062241263665783e+03,-5.012699381342922145e-01
3.763919287117480962e+03,-6.748847274593186008e-01
3.761538042351357035e+03,-7.454128896990538378e-01
3.783076010762746137e+03,-8.989080616842745064e-01
3.768552751747010461e+03,-8.408914464560415247e-01
3.772608758588654837e+03,-9.128008065287440687e-01
3.767200425423313845e+03,-8.596363417725423339e-01
3.753202312711107879e+03,-5.581548651154217833e-01
3.760646976525692025e+03,-6.920576485174608772e-01
3.766434334586715977e+03,-8.152428788310168706e-01
3.769735452537288893e+03,-1.159015268192006287e+00
3.774871235225642067e+03,-9.839406870642515290e-01
3.773861042724364779e+03,-9.544534581740877766e-01
3.782256678562842808e+03,-9.053797794928752918e-01
3.760734374841424142e+03,-6.005909476315762774e-01
3.761706323175651505e+03,-7.099787380875894893e-01
3.765032268698957978e+03,-7.265479953183312523e-01
3.764297029639275934e+03,-7.822967960230705620e-01
3.773347750750539944e+03,-1.085408121302979367e+00
3.766664734701858379e+03,-7.152230189747702527e-01
3.773158520199050145e+03,-9.584275909058169729e-01
3.768498480165246292e+03,-8.205511520230276412e-01
3.762450008126856119e+03,-7.795767601160633609e-01
3.762791328982445521e+03,-8.363470217957200692e-01
3.759639657138697203e+03,-7.194025009046416397e-01
3.771520204737883432e+03,-7.399378681149360037e-01
3.761083586508516419e+03,-6.919577842382598210e-01
3.770944592749996900e+03,-8.004351274695321594e-01
3.774350218682182458e+03,-8.270343746474818625e-01
3.761106787227843142e+03,-6.666031072999650808e-01
3.745724217481420510e+03,-5.371691413645739432e-01
3.761348317825662889e+03,-5.826531010795229504e-01
3.761379576194067795e+03,-8.134754567135443759e-01
3.762064242156387536e+03,-6.510414143492857519e-01
3.761076537892196029e+03,-8.839051525794072717e-01
3.771471351150533337e+03,-7.824487758506472046e-01
3.764289773433568826e+03,-7.060659741650601173e-01
3.757518845872553356e+03,-6.393771631816451695e-01
3.760409073811269081e+03,-8.261039628180889549e-01
3.757605714683941187e+03,-5.706272492154524922e-01
3.768115434887329684e+03,-8.701373914820751398e-01
3.768168681451955308e+03,-7.557093231946373502e-01
3.775288312205952025e+03,-9.128243786798433401e-01
3.767774794616655072e+03,-7.541498555808807680e-01
3.765826470994551073e+03,-7.433849074088330067e-01
3.767095497156911279e+03,-8.747667540995678337e-01
3.761017266671188736e+03,-5.855806933400048431e-01
3.759889441745300701e+03,-7.011868338148811164e-01
3.770438380149606928e+03,-8.486637267526652151e-01
3.758765431133055699e+03,-7.318943238037318721e-01
3.764996446153952093e+03,-8.937529069567877738e-01
3.768296214571892506e+03,-9.171694829361547452e-01
3.762744406442048785e+03,-8.020697608042351989e-01
3.762532871880095172e+03,-6.574332243825313782e-01
3.751255839268932505e+03,-6.811971773285946385e-01
3.765197177065883807e+03,-7.108249558304085003e-01
3.757774978224400002e+03,-6.943018428150136145e-01
3.767604755954353550e+03,-7.822797764296698375e-01
3.768562017101565743e+03,-7.871481890718274865e-01
3.762571513466898068e+03,-7.821888136525284585e-01
3.758314590623645017e+03,-7.078481001228711378e-01
3.757402668281724800e+03,-8.048746692920010215e-01
3.762393880144198647e+03,-6.157021332114395173e-01
3.762340992212416040e+03,-6.790529624747895232e-01
3.768235333309757607e+03,-7.882280963146308661e-01
3.776018039292696812e+03,-8.221090250175900893e-01
3.770219564300371985e+03,-8.622411668016284336e-01
3.763253114160073437e+03,-6.630584472282747832e-01
3.766933613794353732e+03,-9.337207151930122517e-01
3.761400971738987209e+03,-7.434769385619910409e-01
3.765098926807667340e+03,-7.772156963327453427e-01
3.770943253540289334e+03,-9.277968475610796073e-01
3.765480602383503083e+03,-6.957848919237528129e-01
3.758650871012921471e+03,-6.677580080861096334e-01
3.764869977243181893e+03,-8.348637689019426933e-01
3.771681080489607211e+03,-7.730995269436105044e-01
3.762337486484097553e+03,-7.559229662535403849e-01
3.765930701797396978e+03,-7.874596317861665140e-01
3.768396285591765718e+03,-8.057948877533348542e-01
3.764672002231811348e+03,-9.731980269096754954e-01
3.765248708728322981e+03,-7.100221816854875856e-01
3.774770439405534944e+03,-9.177585587945702450e-01
3.761330912321661799e+03,-5.948061361414740400e-01
3.761101607345757202e+03,-7.790425621675504120e-01
3.754192103419215982e+03,-7.555085343188469027e-01
3.767900748851102435e+03,-1.050582282459221695e+00
3.749044657599540642e+03,-5.459303858982037516e-01
3.764516169367913335e+03,-6.288876059767672944e-01
3.775307216431201596e+03,-1.041890775574700223e+00
3.773353904005560253e+03,-1.198233124173718078e+00
3.768385256015035793e+03,-8.025854245573382784e-01
3.769338203784794587e+03,-9.990074592684240473e-01
3.768235447038984148e+03,-8.657606240669655229e-01
3.767463768451137639e+03,-8.239213523268147377e-01
3.769994481651851856e+03,-8.230612674293719122e-01
3.762156586534605140e+03,-5.779765688810813984e-01
3.779480785365984502e+03,-1.167261547653796638e+00
3.766310220862962524e+03,-5.541650474223088763e-01
3.771679061913835994e+03,-9.203369373889842553e-01
3.765828250088742607e+03,-8.472314489717572839e-01
3.769616812895369094e+03,-8.808964343017149368e-01
3.758938834135359230e+03,-8.049684895447253297e-01
3.755047291579472585e+03,-5.026676410465353850e-01
3.761424286300727090e+03,-7.317564371602294226e-01
3.771660004510395083e+03,-7.854034525134330202e-01
3.788550461604373595e+03,-1.226460034807325794e+00
3.750040401893822946e+03,-5.487409352069902990e-01
3.763978441577000467e+03,-6.457713099736277496e-01
3.772780233129528824e+03,-1.015638734378196961e+00
3.755402969196793947e+03,-6.501779236834481779e-01
3.772815892703628833e+03,-8.268725292413863226e-01
3.761397582475374747e+03,-7.310001395384232437e-01
3.760179447910238650e+03,-7.048198751195046130e-01
3.769489124705933136e+03,-8.929258989364203813e-01
3.761213390066709053e+03,-7.868966850311439609e-01
3.773050837590985793e+03,-8.459068801906828305e-01
3.761166020461505923e+03,-7.570041674728658077e-01
3.762623921829057963e+03,-5.276120063601299481e-01
3.774886306904291814e+03,-9.033900824873332125e-01
3.775945824472714776e+03,-9.585579011311622377e-01
3.762218189843325490e+03,-5.889392507043207381e-01
3.754044064243308640e+03,-5.540449642947342657e-01
3.755919829589936853e+03,-5.139006616658275961e-01
3.759190116518816012e+03,-8.289360013520367110e-01
3.766796405548546318e+03,-7.650135295248816636e-01
3.762675399302746428e+03,-6.822870267064147232e-01
3.766250838758385726e+03,-5.809595824942974662e-01
3.774002534529284731e+03,-7.496617321425570468e-01
3.772962460805014871e+03,-7.678152243877595096e-01
3.760750243692819367e+03,-5.077391232314045766e-01
3.780597769776233690e+03,-1.021062390257649888e+00
3.754025566800171418e+03,-6.104329919050650588e-01
3.767794435803609758e+03,-7.580562486310757908e-01
3.770292976796581115e+03,-8.336360323282093754e-01
3.762363160670479374e+03,-7.217757569218059555e-01
3.761363197453680641e+03,-6.010577390905853523e-01
3.776832892941147747e+03,-9.015129235265979535e-01
3.774076624178436759e+03,-7.978825281891602783e-01
3.762846075468112758e+03,-7.837844193921131852e-01
3.766359976562676820e+03,-8.516342710776043656e-01
3.756327801350311347e+03,-6.512735056700582614e-01
3.765925790014264749e+03,-8.125576088453140278e-01
3.761969614935167556e+03,-9.008213538187209712e-01
3.763726657332955710e+03,-8.129434432625227691e-01
3.774987703734902880e+03,-9.204406357484981038e-01
3.764656787675422038e+03,-7.240567516327331976e-01
3.779437490758020886e+03,-1.053531042065236845e+00
3.769557559159722587e+03,-8.290361771140583036e-01
3.749769858240212216e+03,-6.686263545246111661e-01
3.754645903593931507e+03,-6.221375956561316922e-01
3.765514230339794722e+03,-6.561655984161445243e-01
3.771909340004244768e+03,-9.168201511957047023e-01
3.758181501403381390e+03,-6.230342293399395714e-01
3.768131036801576101e+03,-8.282269834653013252e-01
3.765080756117286001e+03,-8.682335885349689031e-01
3.755669804053538883e+03,-4.708948316948895485e-01
3.769242002033594417e+03,-7.794855855398203914e-01
3.762674958071692799e+03,-5.261729433713018267e-01
3.771521281300778810e+03,-1.066862888476949545e+00
3.785573831602117025e+03,-1.149287685465859798e+00
3.771956204761354002e+03,-8.267449695147319755e-01
3.750211393547654097e+03,-5.291563846821883965e-01
3.775350435475945233e+03,-8.027859649791753149e-01
3.761459695828656550e+03,-8.240888657178897514e-01
3.764438581154225176e+03,-7.537095963748264849e-01
3.764030153402572068e+03,-6.565557254559559741e-01
3.770691469285325184e+03,-8.548529637185116048e-01
3.762793131452304351e+03,-8.273581692260371101e-01
3.764787546933706381e+03,-6.870088524922435269e-01
3.767785031652639645e+03,-8.849375716396530311e-01
3.773566286561272591e+03,-7.569569089413630270e-01
3.758439423620272009e+03,-6.156346910365420033e-01
3.772195906602904870e+03,-9.815229846872262076e-01
3.764024108194794280e+03,-9.141130830262220730e-01
3.759144305811583763e+03,-8.326089846219326684e-01
3.759554710660195724e+03,-8.137055173939000685e-01
3.760098208141992473e+03,-6.808417151652997878e-01
3.764959668850110575e+03,-8.383696381444445400e-01
3.766293959054157312e+03,-1.160417471464712857e+00
3.763899953389477560e+03,-6.800346041086511306e-01
3.768178919223923003e+03,-7.446015364859421837e-01
3.768039455878698845e+03,-8.369130127376739336e-01
3.772586299913767562e+03,-8.274947703833732682e-01
3.763842996520626002e+03,-7.602609452923819733e-01
3.772073091628527891e+03,-9.710166213960271797e-01
3.758304806205719615e+03,-6.615986794614640010e-01
3.773227232970869863e+03,-9.797398968766225513e-01
3.768365444818612559e+03,-7.777160337601348727e-01
3.761486051303587828e+03,-6.224207116191883271e-01
3.771760813551344654e+03,-8.099272812789443110e-01
3.764694368523151297e+03,-8.665543952756756818e-01
3.757553879750001670e+03,-6.325887990894281110e-01
3.778386872949681219e+03,-9.586904109593331613e-01
3.766263447653714593e+03,-7.245293994154087258e-01
3.761395082987569822e+03,-6.973097038704043626e-01
3.779118867359395608e+03,-8.977073535252927394e-01
3.759878750870590011e+03,-6.434754068276135053e-01
3.743769875881085227e+03,-3.971184103009511857e-01
3.756862465141668963e+03,-5.699604969731079107e-01
3.760892458080689721e+03,-5.998867464862760457e-01
3.773040803285656239e+03,-7.919739387990003543e-01
3.764599967829871730e+03,-8.698943318991079199e-01
3.752879983944811102e+03,-6.555718236444405544e-01
3.774551431936109111e+03,-1.094257670939865701e+00
3.766810742688372557e+03,-9.674085912328717063e-01
3.759728461973300455e+03,-9.156116050547378205e-01
3.764838312782852881e+03,-8.443308330067468281e-01
3.767111778715930996e+03,-9.083879165582549042e-01
3.769928269109158464e+03,-1.110530617514466689e+00
3.770710244638478798e+03,-8.086790765503946155e-01
3.755691799827533487e+03,-5.418081741657500006e-01
3.759744615749499644e+03,-7.769321706056122601e-01
3.775446770664597807e+03,-9.253438383467490480e-01
3.777286603359278615e+03,-9.912219925645403551e-01
3.763626880718355096e+03,-8.028673827806849239e-01
3.773349895053192085e+03,-9.999239460981520500e-01
3.771881592340014777e+03,-8.192658107647353694e-01
3.765487115401765095e+03,-7.939361852886736015e-01
3.771400428071333863e+03,-1.066529751601986931e+00
3.779400853884980279e+03,-1.051729424718070183e+00
3.783003976301633884e+03,-1.139758079820027747e+00
3.760103660471673720e+03,-7.247902570269585398e-01
3.767383899406243927e+03,-7.361502203081540241e-01
3.768481457615292129e+03,-7.456421002980877510e-01
3.769564120404745609e+03,-7.177262894783570379e-01
3.772902564394116325e+03,-9.230281344922236508e-01
3.771072611352636613e+03,-8.336270823761382509e-01
3.750854097871402246e+03,-6.445825934834121806e-01
3.762057974148062385e+03,-6.245552626722050693e-01
3.767869423686903701e+03,-6.662779248557281209e-01
3.764270397932672040e+03,-7.340193025770592739e-01
3.764484422651873501e+03,-7.992510113714783593e-01
3.767644577912191835e+03,-9.408183065594655226e-01
3.760788103867614154e+03,-7.894174489277813178e-01
3.761857425666110430e+03,-6.945140559826695759e-01
3.771873309565868567e+03,-1.077409705361751069e+00
3.760780637781255791e+03,-7.794359048532815137e-01
3.765219261469297180e+03,-8.849771946975031334e-01
3.761702758428452398e+03,-8.101945372120192834e-01
3.772341344070641298e+03,-7.551707263741559428e-01
3.771951753994373576e+03,-9.517687668189398487e-01
3.772452867219456039e+03,-9.630354224141445263e-01
3.769993615491300261e+03,-8.153683921267222967e-01
3.781983710655925279e+03,-1.092503339063879197e+00
3.779055081093117224e+03,-1.149746137059274309e+00
3.762381435385289024e+03,-8.339381862329874329e-01
3.762873810617076288e+03,-7.664395677224303816e-01
3.761423444161560383e+03,-8.768332842931336746e-01
3.773611481783975250e+03,-1.101223741404074197e+00
3.752955720660084353e+03,-8.005625038452385267e-01
3.778229337274882710e+03,-1.092500140379240703e+00
3.757125372870882074e+03,-6.986339710878701759e-01
3.768452025130483889e+03,-8.764637889856364827e-01
3.763665014406471528e+03,-6.866298446793052124e-01
3.753675650546734687e+03,-6.310392048301728396e-01
3.768830432540732545e+03,-7.598634587972930010e-01
3.771810255778475948e+03,-9.804500077729171315e-01
3.773050809972921343e+03,-7.478009701364389805e-01
3.758521253914825138e+03,-6.126480317380230689e-01
3.757384170886665288e+03,-4.582503622874267712e-01
3.763580124203124797e+03,-8.224519164013325279e-01
3.766087435316370374e+03,-7.618124703301567546e-01
3.784134627882266614e+03,-1.154101168524917842e+00
3.764927444221052156e+03,-9.160913324892934195e-01
3.766733554365658165e+03,-7.804670369240011008e-01
3.762890701360576259e+03,-6.401154689837378342e-01
3.756526675699928091e+03,-6.904705458996279743e-01
3.773275496313313852e+03,-1.117091880200494991e+00
3.760729618009432670e+03,-6.692906556885300784e-01
3.761988156368214277e+03,-5.048826892566606883e-01
3.762351459664177582e+03,-8.071820012200967565e-01
3.779986244598598205e+03,-1.062421900235204664e+00
3.777146006674423006e+03,-9.963174923744262390e-01
3.773300034810793932e+03,-9.880231801778635026e-01
3.779317807226345394e+03,-1.052940766438384745e+00
3.765476302569686140e+03,-8.930635185669631992e-01
3.752258420742439739e+03,-7.763255550501482194e-01
3.748942539433305228e+03,-5.389780909149173294e-01
3.769102721873500741e+03,-8.597138713925256415e-01
3.766854693952794150e+03,-8.161514131323781562e-01
3.765508417219991316e+03,-6.349985877428068193e-01
3.779199752742041710e+03,-1.119428183601659077e+00
3.769168109106999054e+03,-8.549388950693119771e-01
3.763377038368114427e+03,-8.965590312515516747e-01
3.755045766637264023e+03,-5.801241604873128566e-01
3.753843672090823929e+03,-5.290900763796458905e-01
3.778847773549800877e+03,-1.111303003006582468e+00
3.771935059103889671e+03,-7.653551556694406788e-01
3.761773920434738557e+03,-5.733486647969709971e-01
3.773763616340029785e+03,-1.025197929510974548e+00
3.766452276290377085e+03,-1.106500883989237849e+00
3.764161215479205566e+03,-7.404763976374996171e-01
3.775915719575233652e+03,-9.759305951105572419e-01
3.773234564006185792e+03,-1.017401948502625997e+00
3.775583730312509942e+03,-1.002772823325671192e+00
3.760651204456099094e+03,-6.578559183493547513e-01
3.750728325390683040e+03,-6.643676293260089016e-01
3.782378695444600908e+03,-1.100478407291057392e+00
3.773828900675451678e+03,-9.481995005479595395e-01
3.752418102793163598e+03,-3.024864140705700866e-01
3.777034134637340230e+03,-9.961265434592027068e-01
3.775059351811133183e+03,-9.160833979025172491e-01
3.779215334042874929e+03,-9.975432692555376013e-01
3.781699630617972161e+03,-1.097075052360891423e+00
3.769736118093371260e+03,-7.999922813526785248e-01
3.766061385322432670e+03,-8.818734616879986277e-01
3.768723886649655014e+03,-9.841789102199068884e-01
3.765084945736377904e+03,-5.775224393584458271e-01
3.769034958609572641e+03,-6.998702208118692258e-01
3.750079918790736883e+03,-3.475836328394441566e-01
3.764597816403596880e+03,-7.424064950335933499e-01
3.767183540382115098e+03,-7.211536557670219505e-01
3.751290558818289810e+03,-6.281949420724037836e-01
3.761338169828525679e+03,-6.714388660730518099e-01
3.767450922472497950e+03,-8.226317841038172096e-01
3.773947180810715508e+03,-8.422001385648610894e-01
3.780843280554725879e+03,-1.020693110661036851e+00
3.771209908541201912e+03,-6.960888546912298303e-01
3.771241767958574201e+03,-9.099544787459157291e-01
3.760409703407446614e+03,-7.099436345165226481e-01
3.773501298837721606e+03,-8.896985631474919609e-01
3.758602679030506806e+03,-5.111200991946074357e-01
3.763968478537564806e+03,-7.651720846338629922e-01
3.782221786028773295e+03,-1.143395555989890511e+00
3.776971253150138637e+03,-1.168670630373251473e+00
3.755567986480615673e+03,-4.736768705371091071e-01
3.769187862620747637e+03,-7.651202864182677921e-01
3.778988365287874785e+03,-9.239121566479200354e-01
3.775151115123112049e+03,-9.337184343802962250e-01
3.771613676768377445e+03,-9.370339142935790733e-01
3.751086898825781645e+03,-4.959090782490815363e-01
3.766101355583110035e+03,-8.142136588722669321e-01
3.759876481729405441e+03,-6.255450140222913458e-01
3.777294966313392706e+03,-1.042773810094407505e+00
3.764181247011933465e+03,-8.684378250797450960e-01
3.771071004652510965e+03,-9.280541571410241275e-01
3.775740966489716357e+03,-1.133153280779571004e+00
3.770647498775032091e+03,-7.282488153343338322e-01
3.751581769789189366e+03,-5.269616478798552217e-01
3.768632375713817510e+03,-9.332081797547095992e-01
3.775353748590095620e+03,-1.006175422718223800e+00
3.761937303571992743e+03,-7.085002936769220216e-01
3.766139658978070202e+03,-7.712837460175090420e-01
3.768698243116793947e+03,-9.493133806410162245e-01
3.767725045465149833e+03,-8.960805798712681014e-01
3.765918612700009362e+03,-9.100614826878898889e-01
3.759067460885436958e+03,-5.429540062789799393e-01
3.768936194725284167e+03,-7.885296674196469180e-01
3.764647869201771755e+03,-7.238513729934822338e-01
3.761939238330690387e+03,-6.439808730729655872e-01
3.763269031595041270e+03,-8.152985517338328103e-01
3.770013722462584610e+03,-7.405127534395353761e-01
3.764619762618039658e+03,-6.566277077397659756e-01
3.768601037764780358e+03,-7.464738903953158644e-01
3.768542854640646965e+03,-8.952934292803371719e-01
3.768622419689433627e+03,-8.707481120583793199e-01
3.777465105155979927e+03,-8.844914243397205000e-01
3.772312538386042434e+03,-8.831594324535774199e-01
3.773404575863928130e+03,-8.572395271712267562e-01
3.779546418394308603e+03,-9.394642353230340248e-01
3.756257145962935738e+03,-6.548029622090933977e-01
3.749354082238080082e+03,-5.292485735041412287e-01
3.759969492034002997e+03,-6.691643871939169097e-01
3.784596527065989449e+03,-9.870912140378027555e-01
3.760722413026605409e+03,-7.228180558861683203e-01
3.757891109234596115e+03,-5.847490659722339723e-01
3.771088774711138285e+03,-8.710074858699516920e-01
3.771295791562386057e+03,-8.818864902528005256e-01
3.771580231602340518e+03,-8.963081326372371871e-01
3.775187943202917268e+03,-9.273576692033068669e-01
3.768072900515920992e+03,-8.220689984779899762e-01
3.752972217123469363e+03,-6.022876766811829929e-01
3.755511092147070030e+03,-5.204255168385223396e-01
3.764816542750867939e+03,-8.314631256608593368e-01
3.770395910867411203e+03,-9.660893930824185905e-01
3.780647485400941605e+03,-1.019245371286703561e+00
3.752547390633847499e+03,-6.661317662323131827e-01
3.762606841976324176e+03,-6.844720403678854481e-01
3.773535326863971932e+03,-8.832456492762607025e-01
3.760009361033483856e+03,-5.774020413787573913e-01
3.761927325527230096e+03,-8.251027252099168985e-01
3.768079338982504396e+03,-7.113296466539359431e-01
3.769738658187687633e+03,-7.859498372095954366e-01
3.770662335229052132e+03,-7.647330912022654026e-01
3.763682650586220916e+03,-9.697481225254602766e-01
3.769780583430968818e+03,-8.448869201445159405e-01
3.766852429090221904e+03,-7.397041111044151407e-01
3.765785253074519460e+03,-8.066627620091362250e-01
3.774562946288294825e+03,-9.434563098494281874e-01
3.774002051176527857e+03,-8.448833877403667536e-01
3.763325943236620333e+03,-6.949177229941000400e-01
3.765577998438883697e+03,-9.139995918754196813e-01
3.759347325109363737e+03,-6.167839359670701516e-01
3.765794356775185406e+03,-6.860034438912647747e-01
3.766549930055400182e+03,-7.697468599973786851e-01
3.755569852025323144e+03,-5.686682546375625424e-01
3.779042595577571319e+03,-8.585065422479225550e-01
3.764848253006787672e+03,-7.264672659925115461e-01
3.760223577675334127e+03,-6.886262392537951804e-01
3.779396084365484967e+03,-1.191456908242698454e+00
3.770241974582539115e+03,-9.642131736760294336e-01
3.747525761929131022e+03,-5.959649360974175192e-01
3.765513771291567082e+03,-7.573326239723052744e-01
3.771422609151371034e+03,-9.585203455755382240e-01
3.774143040001315967e+03,-9.002092208862080280e-01
3.765047402147981757e+03,-8.321370600185320487e-01
3.766418034003579123e+03,-8.658779462446282160e-01
3.761609122502923583e+03,-6.390535039283764540e-01
3.768225844844657331e+03,-9.188334267371794928e-01
3.763841637887860088e+03,-7.056187667947326769e-01
3.761026452178261479e+03,-8.330693388097172303e-01
3.770835274069775551e+03,-8.372891020263798501e-01
3.763043218237562087e+03,-6.647448842545676806e-01
3.758810790130795340e+03,-5.883394510689716750e-01
3.769007788935609369e+03,-9.576893344132697550e-01
3.775930987614358401e+03,-9.285753436157317964e-01
3.770871310043153699e+03,-8.847625586611614912e-01
3.756839026197686508e+03,-7.200096049821422817e-01
3.763349918407641326e+03,-7.962847867543922931e-01
3.768451212778832996e+03,-1.053636341494923245e+00
3.763955970343063655e+03,-7.000691481670866523e-01
3.770770246770137874e+03,-8.779315013481852059e-01
3.761630413234979642e+03,-6.905285871642046214e-01
3.765309076585801904e+03,-8.540871299023986563e-01
3.774240122300820076e+03,-1.017905875802350035e+00
3.765825060976118493e+03,-8.147911392183939672e-01
3.761897292731493508e+03,-7.083012155161169110e-01
3.756802883258922975e+03,-5.882544270966544309e-01
3.768358489907828243e+03,-8.740601340209760428e-01
3.773371096912834219e+03,-8.751332287340036764e-01
3.766676570442922184e+03,-9.149340183432399520e-01
3.773364055537775585e+03,-1.076162285153666742e+00
3.764300016402881738e+03,-7.049193926364383245e-01
3.772307775214016146e+03,-8.840465526144073438e-01
3.763015608186186000e+03,-7.843247816917294779e-01
3.764066381884856582e+03,-7.423179668289681121e-01
3.775133292372512187e+03,-8.174141372517710336e-01
3.763017586752068837e+03,-8.242840080941118419e-01
3.766894380938853374e+03,-8.045549620307792527e-01
3.763684093686293181e+03,-7.582611009714907979e-01
3.762617437423572483e+03,-9.425094178588914184e-01
3.785001948394510237e+03,-1.165094230384783991e+00
3.759593752635987585e+03,-5.738420195690802084e-01
3.762066183332007768e+03,-6.750933383032068358e-01
3.768420425698338022e+03,-8.727313029660165311e-01
3.765302795795915245e+03,-7.389875910950125526e-01
3.771495644172950961e+03,-8.154036551376937503e-01
3.760193796613125414e+03,-5.410359194622251788e-01
3.765462500220083712e+03,-8.159784212352112487e-01
3.770778744864977398e+03,-8.157244142486526073e-01
3.782488326402276471e+03,-1.038876491459966189e+00
3.776087977302547642e+03,-1.057599782567335778e+00
3.776011527649107393e+03,-8.916191555274008973e-01
3.781201560720748603e+03,-1.080164806192437377e+00
3.767924074189430939e+03,-9.383462412206112768e-01
3.766945765923188901e+03,-9.511820523330222210e-01
3.772222947280788048e+03,-8.097794321009150753e-01
3.766489074819703092e+03,-7.149697442824284321e-01
3.778517297189178862e+03,-1.263394455013093332e+00
3.754798643450301824e+03,-6.947277444195733009e-01
3.758472579389456314e+03,-6.681455048961283394e-01
3.766788068667116477e+03,-8.970783385766494256e-01
3.761874439913628976e+03,-7.410520036330945359e-01
3.759131682096580334e+03,-7.780451215961196043e-01
3.768650482254533472e+03,-7.765648299808884936e-01
3.755421520534343017e+03,-5.356536569841328088e-01
3.769782943257709576e+03,-7.682031397307697018e-01
3.773852540234792286e+03,-9.544830071556449358e-01
3.766694127419299548e+03,-6.752270499916132040e-01
3.766170667502257857e+03,-8.814518078250856981e-01
3.762966996895282591e+03,-7.251392671919829613e-01
3.767176207734990840e+03,-8.098328733520911982e-01
3.773021034538975982e+03,-9.127485277061002655e-01
3.752140568564521345e+03,-6.454301822975836433e-01
3.760498414675459117e+03,-5.963982394825847466e-01
3.762659108435834241e+03,-6.584239701943304102e-01
3.755247250862857527e+03,-5.167010284110884477e-01
3.765054873293184755e+03,-5.664385978325459092e-01
3.763766421872343017e+03,-7.129062071525733568e-01
3.758344835077154130e+03,-5.008452350422223365e-01
3.769105492648600375e+03,-8.020019492133250161e-01
3.772806543131536273e+03,-8.475192006480423146e-01
3.770274206792631958e+03,-8.561398553127710365e-01
3.778591714733775916e+03,-1.073399991468890757e+00
3.765342484393167069e+03,-7.505647077204676831e-01
3.756546700016026989e+03,-3.760086958501794863e-01
3.770696547087346516e+03,-8.758359392361606544e-01
3.761696465667143912e+03,-6.698548570640933120e-01
3.780801925619496615e+03,-1.174446593475652501e+00
3.765069746728549035e+03,-7.662447335406959992e-01
3.756241699013770813e+03,-6.666720016587319719e-01
3.769685979457573922e+03,-8.819610243630588986e-01
3.762434719275183852e+03,-8.384280420404278678e-01
3.764688917719915935e+03,-7.701961769410291536e-01
3.768390585292970627e+03,-9.991617203431870653e-01
3.755737345954099510e+03,-4.961310464538636333e-01
3.776175782255423655e+03,-1.059429712493672238e+00
3.774446608983852457e+03,-9.301704852332013385e-01
3.763530936459748773e+03,-6.367840408856582091e-01
3.766717411833631104e+03,-8.543243797221651281e-01
3.749352045081393953e+03,-5.921842703709808697e-01
3.768206946774223979e+03,-8.247101275036217150e-01
3.769203079142506340e+03,-8.582452993043893086e-01
3.757919594239052003e+03,-6.328702188573509524e-01
3.765574764253026387e+03,-7.636607511541353421e-01
3.764111641483314997e+03,-7.798905254671206766e-01
3.767513330447216958e+03,-7.166484231060674670e-01
3.753239852511206664e+03,-7.443707981394778184e-01
3.756838566917295338e+03,-6.554864909135700302e-01
3.764274094395936572e+03,-5.614103404937551556e-01
3.766465943278900795e+03,-9.559197943248800566e-01
3.769298808558783549e+03,-7.760507570043017056e-01
3.777704547415661182e+03,-9.871573850721913068e-01
3.759006262397055252e+03,-6.816089556289532947e-01
3.761112933399432677e+03,-7.437588007037286841e-01
3.763064333740904203e+03,-7.218753602626718502e-01
3.769230869008050377e+03,-8.976286796606480767e-01
3.772471148309303771e+03,-9.540928864814280930e-01
3.770186756501229866e+03,-9.881228830704892330e-01
3.767208457894971161e+03,-8.212123185134994063e-01
3.767247624942777747e+03,-8.474008426426080653e-01
3.771143781520311222e+03,-7.970126742184722168e-01
3.767061824885233364e+03,-7.509609591105445014e-01
3.767247446585748094e+03,-8.863889078794822129e-01
3.772593176478323585e+03,-7.976059091351351826e-01
3.765042608195108187e+03,-7.939172603176579690e-01
3.764522856631578179e+03,-8.885106969449795278e-01
3.777098623801592112e+03,-9.421254254087930713e-01
3.767953378187018643e+03,-6.597989197436455733e-01
3.768091531354679319e+03,-6.532376579906697955e-01
3.764002509288998681e+03,-9.674323781280849133e-01
3.767084030735641136e+03,-8.687143742188435658e-01
3.763530884572395735e+03,-9.479230238230791361e-01
3.772580849299050897e+03,-9.060715276772035587e-01
3.754371869254430749e+03,-6.095332020103522153e-01
3.760134482835499512e+03,-6.249798390667523629e-01
3.772083454746376901e+03,-1.128607679444260103e+00
3.755327796196830150e+03,-6.573556490077383518e-01
3.766289625689318200e+03,-9.060829733536701625e-01
3.769398515660134763e+03,-8.936085233443932241e-01
3.761074930879994554e+03,-7.503703883105812267e-01
3.764904165741212637e+03,-8.153013130844468659e-01
3.773381546097758928e+03,-9.250017029421595538e-01
3.746298912281259163e+03,-5.281568437311854325e-01
3.748956460469952162e+03,-4.140401477569607969e-01
3.778735439519168267e+03,-9.381994938918032378e-01
3.767005665918823070e+03,-7.425688727702504099e-01
3.778460948427260519e+03,-1.173103170225135106e+00
3.777509444568960589e+03,-9.873514993437817466e-01
3.767918224252132404e+03,-9.013477784495553813e-01
3.765022425672554618e+03,-9.050997548600308029e-01
3.771245713066005919e+03,-9.298960145023629220e-01
3.764870750466228856e+03,-7.090036690901564409e-01
3.761586605568547384e+03,-6.759675274315045668e-01
3.759672813021765251e+03,-6.840676029611897357e-01
3.761967289298115247e+03,-7.434970489125624082e-01
3.765940147266929671e+03,-8.183509645178264069e-01
3.770763296209587679e+03,-8.740274020345910611e-01
3.768051601225337890e+03,-7.623178033792822328e-01
3.769073411911428593e+03,-8.294892179341799565e-01
3.752312687244094377e+03,-5.516455712843982839e-01
3.768963050993214438e+03,-8.054486070421560395e-01
3.750623565012883773e+03,-5.300430996242110337e-01
3.770620841470889445e+03,-8.255466099329689111e-01
3.765069562780697652e+03,-8.409806644763249128e-01
3.759581496331951712e+03,-6.207057107020609310e-01
3.767881521364779928e+03,-9.868078368206361084e-01
3.752898643417177936e+03,-5.317013004135512366e-01
3.759838756891285357e+03,-5.546522756724032721e-01
3.747087129994233692e+03,-4.270615039726323170e-01
3.759461493397703634e+03,-8.720850384744992523e-01
3.762941610564109396e+03,-7.718570153620045726e-01
3.774371864856319917e+03,-1.014939159040954220e+00
3.755919465004179528e+03,-7.321946223217075111e-01
3.760510140162084554e+03,-6.944447212565061367e-01
3.763888178124481783e+03,-5.289187899449793173e-01
3.754947477577413792e+03,-6.897759766012852012e-01
3.761933654872154420e+03,-7.557087745041758398e-01
3.765900374655156156e+03,-8.144367636929370491e-01
3.769969478103304482e+03,-1.046618052673437660e+00
3.760077190201544909e+03,-7.963495167020311349e-01
3.771302441872400323e+03,-8.755135988186901752e-01
3.767292466236162909e+03,-9.406785981702054933e-01
3.768386521147881467e+03,-9.298230833361031955e-01
3.766616033933547897e+03,-7.075111857843252583e-01
3.753596799603330510e+03,-6.475874700080177515e-01
3.773806777701805004e+03,-8.899934048278504983e-01
3.762368033143288812e+03,-8.711906451290543085e-01
3.779801842705706349e+03,-1.161763671747656268e+00
3.766611601559752216e+03,-7.355996443118029138e-01
3.774021163178519600e+03,-1.056395866933612870e+00
3.776300531225836039e+03,-1.036942344118295889e+00
3.769088162574132639e+03,-6.584027390917729372e-01
3.760747983579453830e+03,-8.252843825828429791e-01
3.774440624401264813e+03,-1.039102381825915078e+00
3.766816406542875029e+03,-7.243887082932187749e-01
3.772515318917990498e+03,-1.061150386413638236e+00
3.749978074863190159e+03,-5.902379671207268474e-01
3.768824798544404530e+03,-8.055466014182814938e-01
3.777583837434002362e+03,-9.954808522488345357e-01
